customer_id,tenure_months,contract_type,monthly_bill,data_used_gb,support_calls,is_senior,payment_method,churn
1971,50,two_year,51.85,19.1,2,1,debit,0
1727,40,one_year,80.43,20.3,0,0,bank_transfer,0
528,38,month-to-month,60.68,4.8,1,1,credit_card,1
995,47,one_year,81.95,10.0,2,0,debit,0
1125,59,two_year,59.18,15.2,0,0,debit,0
1660,30,month-to-month,78.43,11.2,0,0,bank_transfer,1
129,50,one_year,66.12,27.8,1,0,credit_card,0
367,25,month-to-month,51.54,6.2,0,0,debit,0
1306,44,one_year,22.16,4.2,0,0,debit,0
234,13,one_year,99.21,9.7,1,0,bank_transfer,1
1385,3,one_year,30.35,17.4,2,0,cheque,0
1780,34,two_year,76.95,3.6,2,0,credit_card,0
1729,48,two_year,22.29,3.6,1,0,bank_transfer,0
1224,42,month-to-month,98.96,14.8,1,1,bank_transfer,0
553,40,two_year,48.41,25.4,3,0,bank_transfer,0
1768,42,month-to-month,90.95,14.9,1,0,debit,0
1103,67,two_year,79.03,2.5,2,0,debit,0
1107,63,one_year,52.85,,1,0,cheque,1
793,46,one_year,88.73,13.6,3,1,cheque,0
1059,50,month-to-month,42.46,11.6,1,1,debit,0
890,4,one_year,92.69,10.2,0,0,credit_card,0
1423,13,month-to-month,67.91,8.1,3,1,credit_card,1
66,72,month-to-month,29.61,16.7,3,0,debit,0
125,22,month-to-month,,20.5,0,0,cheque,0
1713,49,one_year,28.26,17.0,0,0,bank_transfer,0
496,50,month-to-month,63.39,7.8,3,0,credit_card,0
1197,55,month-to-month,98.29,14.2,0,0,debit,0
495,23,month-to-month,48.76,14.6,1,0,credit_card,0
412,52,month-to-month,100.5,18.0,2,0,debit,1
713,18,two_year,98.54,10.8,0,0,debit,0
753,57,two_year,80.58,12.1,4,1,credit_card,1
1134,65,two_year,72.3,15.0,1,1,cheque,0
454,21,two_year,69.39,4.1,0,0,debit,0
1619,51,one_year,52.7,20.2,0,0,debit,0
30,33,one_year,26.72,10.4,1,0,cheque,0
1592,12,two_year,69.2,,1,0,cheque,0
384,39,one_year,61.51,20.0,0,1,credit_card,0
351,3,month-to-month,77.99,4.9,1,0,debit,1
1700,53,two_year,79.94,5.7,1,0,credit_card,0
1524,2,two_year,83.75,7.2,1,0,bank_transfer,0
57,14,one_year,84.29,10.8,5,0,cheque,0
1117,66,month-to-month,74.06,11.4,1,0,debit,0
1456,42,month-to-month,97.05,12.0,1,0,cheque,1
1960,56,two_year,90.02,10.1,1,0,debit,0
612,4,month-to-month,,4.2,2,0,cheque,1
1625,46,one_year,26.13,10.8,0,0,debit,0
1561,30,month-to-month,64.04,3.9,1,0,bank_transfer,0
573,68,month-to-month,20.74,9.5,1,0,cheque,1
1365,18,one_year,33.93,4.3,0,0,bank_transfer,0
866,1,month-to-month,106.76,7.5,1,0,bank_transfer,1
1573,6,month-to-month,63.63,15.7,3,0,bank_transfer,1
1271,13,month-to-month,,11.5,0,0,debit,0
211,67,one_year,33.17,4.6,0,0,cheque,0
1243,41,one_year,94.76,16.6,1,0,bank_transfer,0
232,9,month-to-month,98.08,12.3,3,0,bank_transfer,0
1467,12,month-to-month,108.47,4.8,0,0,bank_transfer,1
1945,24,one_year,87.64,6.8,2,0,credit_card,0
1872,33,month-to-month,64.61,16.6,1,1,debit,1
1552,49,one_year,76.41,10.9,1,0,credit_card,0
1458,38,month-to-month,,9.9,0,0,bank_transfer,0
1461,17,one_year,73.09,6.4,1,0,credit_card,0
306,23,one_year,60.19,9.7,4,0,cheque,1
1121,15,two_year,57.89,5.8,4,0,bank_transfer,0
212,2,two_year,35.59,9.1,0,0,debit,1
71,7,month-to-month,58.28,14.5,0,0,debit,1
112,37,one_year,60.89,11.0,0,0,cheque,0
423,62,month-to-month,33.46,12.3,2,0,credit_card,0
1653,34,one_year,75.23,18.7,3,1,debit,1
317,24,one_year,56.66,9.5,0,0,debit,0
1673,59,one_year,58.07,10.7,2,0,debit,0
1661,15,month-to-month,61.51,27.0,1,1,credit_card,1
1557,70,month-to-month,44.49,16.1,0,0,cheque,0
298,27,one_year,92.64,18.4,2,0,debit,0
944,70,two_year,76.69,16.3,2,0,cheque,0
1493,13,one_year,100.01,23.3,1,0,bank_transfer,0
345,53,month-to-month,106.16,14.5,1,0,credit_card,0
1290,26,month-to-month,38.75,16.1,3,0,debit,1
562,20,month-to-month,75.53,28.1,2,0,cheque,0
1289,3,month-to-month,78.91,9.3,1,0,credit_card,1
1413,42,one_year,59.46,9.3,0,0,bank_transfer,1
299,2,month-to-month,65.93,6.1,0,0,credit_card,1
1068,55,one_year,20.85,8.7,0,0,cheque,0
923,67,month-to-month,80.54,17.8,1,0,bank_transfer,0
472,31,month-to-month,77.86,8.9,0,0,bank_transfer,1
1291,20,month-to-month,101.1,12.4,2,0,credit_card,1
1732,23,month-to-month,102.68,8.5,0,1,debit,0
1563,20,two_year,87.79,4.8,0,0,credit_card,0
1492,59,month-to-month,57.84,11.6,1,1,debit,0
1250,14,one_year,70.57,,1,0,bank_transfer,0
70,9,two_year,81.57,10.9,0,0,debit,0
585,69,one_year,56.47,8.3,1,0,debit,0
1484,62,two_year,87.72,10.2,0,0,bank_transfer,0
860,68,month-to-month,78.74,32.4,2,0,credit_card,1
1504,44,month-to-month,103.14,3.0,4,0,cheque,1
100,35,month-to-month,57.99,12.3,0,0,debit,0
1754,23,one_year,59.02,5.3,0,0,bank_transfer,0
1988,40,month-to-month,,20.7,3,0,bank_transfer,1
789,60,month-to-month,105.06,12.4,1,0,bank_transfer,0
1542,26,month-to-month,88.71,17.7,0,1,bank_transfer,0
1095,26,one_year,28.85,17.3,0,0,debit,0
728,17,month-to-month,89.05,15.0,2,0,credit_card,0
1011,63,month-to-month,106.87,9.5,1,0,credit_card,1
1629,52,month-to-month,,5.8,1,0,debit,0
308,54,month-to-month,45.53,23.8,0,0,credit_card,0
933,33,month-to-month,78.11,20.2,4,0,credit_card,1
766,36,one_year,75.37,3.4,3,0,credit_card,0
862,26,month-to-month,76.41,7.6,0,1,cheque,1
1178,72,one_year,38.19,14.8,2,0,cheque,0
809,7,month-to-month,90.24,11.6,1,0,cheque,0
1957,69,month-to-month,27.37,18.1,1,0,debit,0
1744,50,one_year,101.69,16.8,0,1,cheque,0
1382,22,month-to-month,107.32,18.5,0,0,cheque,1
325,60,month-to-month,33.57,1.8,1,0,cheque,0
394,1,one_year,,6.8,1,0,cheque,1
788,13,one_year,80.73,28.1,0,0,debit,0
415,15,one_year,22.86,15.2,2,0,bank_transfer,0
238,39,one_year,98.84,12.8,1,0,credit_card,0
421,5,one_year,21.98,10.1,1,1,cheque,0
383,48,month-to-month,78.34,14.6,2,0,debit,1
989,55,month-to-month,108.62,20.8,1,0,credit_card,0
1614,49,month-to-month,63.75,8.0,0,0,cheque,1
1695,32,one_year,85.7,11.9,0,0,bank_transfer,0
745,17,two_year,20.66,18.3,1,1,debit,1
932,41,one_year,109.26,23.4,2,0,debit,0
1054,49,one_year,28.95,3.9,0,0,cheque,0
1335,52,month-to-month,78.81,30.1,0,0,bank_transfer,0
257,38,month-to-month,99.95,20.8,1,0,cheque,0
1743,59,month-to-month,51.38,7.9,1,1,cheque,0
693,71,one_year,60.82,15.8,0,0,cheque,0
1308,44,one_year,80.76,16.5,0,0,bank_transfer,0
620,30,month-to-month,90.48,13.2,1,0,cheque,0
1209,18,month-to-month,68.28,10.7,2,0,debit,0
1588,5,month-to-month,44.61,27.9,2,1,debit,0
758,24,one_year,51.2,9.9,0,0,cheque,0
614,30,one_year,80.77,9.1,1,0,cheque,0
1668,19,one_year,92.24,16.3,0,0,debit,0
1738,10,two_year,102.0,6.9,0,0,cheque,0
481,64,month-to-month,86.82,16.2,2,0,cheque,0
1310,23,two_year,86.62,12.6,2,0,bank_transfer,0
539,72,month-to-month,93.3,,1,0,credit_card,0
977,2,month-to-month,61.74,20.6,2,0,bank_transfer,1
756,65,month-to-month,57.76,14.4,0,0,cheque,0
904,32,month-to-month,90.4,18.8,3,0,bank_transfer,1
833,66,two_year,66.16,8.2,2,0,credit_card,0
905,38,one_year,93.24,12.6,3,0,credit_card,0
1273,63,month-to-month,87.1,11.2,1,0,debit,0
608,68,month-to-month,58.39,9.2,0,0,debit,0
694,72,one_year,93.96,10.0,0,1,bank_transfer,0
1886,10,month-to-month,102.77,9.5,0,0,bank_transfer,1
1533,12,one_year,40.59,13.5,1,1,credit_card,1
116,13,one_year,29.96,7.5,1,1,credit_card,0
592,15,one_year,31.17,21.6,0,0,bank_transfer,0
1842,40,month-to-month,50.05,28.7,2,0,cheque,0
939,4,month-to-month,,19.0,1,0,credit_card,1
1655,39,month-to-month,26.84,34.8,1,0,cheque,0
582,56,month-to-month,90.21,11.2,1,0,debit,1
252,57,one_year,60.54,30.9,0,0,cheque,0
1034,24,one_year,86.15,20.5,0,0,bank_transfer,0
1236,51,month-to-month,37.36,5.1,1,0,debit,0
1311,1,one_year,30.62,2.1,2,0,debit,1
353,56,one_year,24.31,23.6,1,0,bank_transfer,0
549,37,one_year,44.11,14.3,1,0,bank_transfer,0
121,46,month-to-month,93.37,29.2,1,0,credit_card,0
1511,22,month-to-month,78.71,9.8,1,1,bank_transfer,1
290,39,one_year,,5.9,2,1,credit_card,0
1223,36,month-to-month,98.78,13.7,3,0,debit,1
1564,55,month-to-month,102.03,5.3,3,0,credit_card,1
213,37,month-to-month,33.83,14.7,2,0,bank_transfer,1
136,9,two_year,,6.2,2,0,bank_transfer,1
1331,30,month-to-month,48.72,15.2,3,0,cheque,1
1627,55,month-to-month,37.54,10.5,1,0,bank_transfer,0
1556,65,two_year,107.73,15.8,2,1,credit_card,0
352,35,two_year,81.44,10.2,2,0,bank_transfer,1
1180,44,month-to-month,67.97,21.4,0,0,cheque,1
737,14,month-to-month,36.53,16.6,1,0,credit_card,0
731,22,month-to-month,41.18,25.8,3,0,credit_card,1
675,59,month-to-month,47.66,19.1,1,0,credit_card,0
110,9,month-to-month,63.1,14.9,1,0,bank_transfer,1
1775,43,month-to-month,95.46,11.6,1,1,bank_transfer,0
1940,54,month-to-month,104.27,12.9,1,1,bank_transfer,1
276,8,one_year,20.46,11.5,3,0,debit,1
1380,6,month-to-month,61.81,15.7,1,1,cheque,1
1468,62,month-to-month,55.88,10.3,0,0,credit_card,0
1176,34,month-to-month,104.15,31.0,1,0,debit,1
1290,26,month-to-month,38.75,16.1,3,0,debit,1
1503,17,one_year,89.79,6.8,1,1,debit,0
983,1,one_year,61.52,,1,0,credit_card,1
343,32,one_year,95.82,5.5,2,0,debit,0
786,34,one_year,100.01,10.5,1,0,debit,0
508,27,two_year,,11.0,1,0,bank_transfer,0
355,16,one_year,36.31,14.7,1,0,credit_card,0
746,67,month-to-month,90.7,9.9,1,1,cheque,0
1115,44,one_year,86.26,9.7,1,0,debit,0
1375,71,two_year,104.61,10.7,3,0,bank_transfer,0
484,15,month-to-month,83.35,21.5,2,0,credit_card,0
255,15,two_year,44.76,4.5,0,0,credit_card,1
1822,6,month-to-month,29.33,16.6,3,0,bank_transfer,1
434,28,two_year,108.28,11.9,0,0,bank_transfer,0
545,22,month-to-month,21.55,12.6,2,0,bank_transfer,1
307,46,one_year,20.56,7.3,1,0,credit_card,0
428,25,month-to-month,64.15,15.7,0,1,cheque,1
988,15,two_year,98.85,8.5,1,1,cheque,1
276,8,one_year,20.46,11.5,3,0,debit,1
1804,58,one_year,,,5,0,credit_card,0
568,21,month-to-month,67.63,22.4,0,0,credit_card,1
1119,4,month-to-month,,14.5,1,0,bank_transfer,0
1840,7,month-to-month,51.1,5.3,3,0,bank_transfer,1
1421,38,month-to-month,,5.4,2,1,debit,0
417,22,month-to-month,45.88,26.1,1,0,cheque,0
240,16,month-to-month,38.09,13.8,1,0,credit_card,1
433,61,two_year,41.42,3.7,1,1,cheque,0
50,29,month-to-month,24.97,10.0,1,0,bank_transfer,0
1371,17,two_year,59.47,2.3,1,1,cheque,1
807,51,month-to-month,95.89,17.7,2,0,bank_transfer,1
271,47,two_year,85.47,22.0,3,0,credit_card,0
1478,5,one_year,39.41,15.3,2,0,credit_card,1
1613,47,one_year,,5.8,2,1,cheque,1
1445,72,month-to-month,43.81,4.3,1,0,bank_transfer,0
803,3,month-to-month,38.37,10.5,1,0,debit,1
1482,72,month-to-month,58.25,18.2,1,0,cheque,0
174,17,month-to-month,95.12,16.2,1,1,cheque,1
577,62,two_year,105.6,10.6,1,0,bank_transfer,0
813,33,two_year,20.3,18.8,2,0,debit,1
322,38,month-to-month,77.38,15.1,0,0,cheque,0
248,3,two_year,98.69,15.6,1,0,cheque,1
463,49,two_year,44.61,6.9,2,0,credit_card,0
1938,49,one_year,63.69,4.3,0,0,cheque,0
618,29,one_year,33.12,5.1,0,0,cheque,0
24,12,month-to-month,81.06,8.2,3,0,debit,1
1857,27,one_year,80.47,19.8,0,1,bank_transfer,0
64,31,one_year,73.51,,2,0,credit_card,1
1010,52,month-to-month,86.25,5.8,0,0,credit_card,1
189,8,month-to-month,46.18,20.8,3,0,credit_card,0
835,30,one_year,56.55,7.1,1,0,cheque,0
1341,34,month-to-month,91.31,15.7,4,0,credit_card,0
1890,63,month-to-month,38.94,24.4,1,1,credit_card,0
368,20,month-to-month,89.85,6.2,0,0,debit,0
282,18,month-to-month,83.77,6.0,3,0,cheque,1
1809,35,one_year,104.29,3.7,0,0,credit_card,0
520,56,month-to-month,34.22,4.8,1,0,cheque,0
197,70,one_year,87.83,9.8,0,0,credit_card,0
583,48,one_year,32.46,10.5,2,0,bank_transfer,0
1946,31,one_year,51.21,14.6,0,0,bank_transfer,1
1030,16,month-to-month,37.44,4.1,1,1,bank_transfer,1
1434,24,two_year,20.56,16.3,1,0,credit_card,0
1318,32,two_year,61.32,8.0,0,0,cheque,1
101,8,month-to-month,89.16,19.1,0,0,bank_transfer,1
1675,1,month-to-month,75.54,21.9,0,0,credit_card,0
1085,38,month-to-month,84.33,17.5,3,0,credit_card,0
1964,25,month-to-month,106.59,29.9,2,0,bank_transfer,1
221,56,month-to-month,32.96,4.9,1,0,cheque,1
1344,63,month-to-month,85.6,8.6,3,0,bank_transfer,0
1838,3,one_year,29.86,13.7,2,0,debit,1
479,34,month-to-month,100.02,4.4,2,1,bank_transfer,1
1064,66,month-to-month,80.71,3.9,3,0,debit,0
1259,59,two_year,81.01,14.2,1,0,credit_card,1
1584,48,month-to-month,64.48,10.6,1,0,cheque,0
619,65,month-to-month,71.27,15.6,0,0,cheque,0
671,16,month-to-month,21.88,10.7,3,1,bank_transfer,1
846,17,two_year,30.76,18.2,0,1,credit_card,0
655,48,month-to-month,41.15,13.4,0,0,cheque,0
695,15,two_year,108.99,8.5,1,0,bank_transfer,1
652,15,one_year,61.7,7.8,1,1,debit,0
1862,10,month-to-month,89.61,16.7,0,0,debit,0
1300,72,one_year,46.69,8.4,1,0,debit,0
1648,67,month-to-month,96.81,12.9,0,0,cheque,0
910,48,two_year,54.74,4.2,2,0,bank_transfer,0
369,26,one_year,24.53,18.3,1,1,cheque,0
1491,9,one_year,28.88,6.1,2,0,cheque,0
1282,25,two_year,20.93,5.3,3,0,cheque,0
79,17,two_year,67.63,7.3,1,0,credit_card,0
1005,27,one_year,101.75,4.3,4,0,debit,0
33,24,month-to-month,31.45,6.9,1,0,bank_transfer,0
1547,14,two_year,66.43,4.2,1,0,bank_transfer,0
1008,62,month-to-month,88.36,28.0,1,0,cheque,0
1014,66,one_year,57.99,15.5,1,0,bank_transfer,0
584,54,two_year,69.56,17.0,0,0,debit,0
164,15,one_year,46.56,25.6,5,0,credit_card,1
204,50,month-to-month,33.28,2.5,1,0,cheque,0
1525,9,month-to-month,32.22,15.8,1,0,cheque,0
439,6,month-to-month,39.28,10.6,1,0,cheque,0
1345,69,month-to-month,75.93,11.4,2,0,cheque,0
922,60,month-to-month,66.89,10.8,0,0,cheque,0
1234,35,month-to-month,64.71,12.2,4,0,debit,1
1991,55,month-to-month,57.94,8.6,0,0,bank_transfer,0
1194,31,one_year,64.08,10.6,0,0,credit_card,0
1406,59,one_year,30.67,8.2,2,0,credit_card,0
1090,58,month-to-month,66.75,12.5,1,0,cheque,0
1949,6,month-to-month,104.09,19.3,0,1,bank_transfer,1
219,25,month-to-month,47.74,5.9,2,0,credit_card,0
1956,34,one_year,69.8,14.0,0,1,bank_transfer,0
874,22,one_year,48.23,24.7,1,0,credit_card,1
773,63,one_year,40.73,8.2,0,0,cheque,0
362,61,month-to-month,20.92,10.0,0,0,debit,1
1091,42,one_year,71.53,28.5,2,0,cheque,0
60,22,month-to-month,56.06,5.8,1,0,debit,0
1494,26,month-to-month,34.46,9.2,1,0,bank_transfer,1
535,8,two_year,73.95,24.6,2,0,bank_transfer,0
74,5,month-to-month,32.34,7.9,2,0,cheque,1
163,61,month-to-month,55.13,8.6,0,0,cheque,1
744,19,month-to-month,51.29,,1,0,debit,1
530,44,month-to-month,22.04,5.8,2,1,credit_card,0
1396,39,one_year,70.59,6.2,0,0,cheque,0
1058,19,month-to-month,100.04,7.3,0,0,credit_card,1
600,8,two_year,40.2,1.5,3,0,cheque,1
1235,72,month-to-month,20.24,6.7,2,0,bank_transfer,0
46,30,one_year,64.44,9.6,0,0,bank_transfer,0
1980,26,month-to-month,23.2,4.5,0,0,debit,0
354,58,month-to-month,30.6,9.8,0,0,debit,0
527,34,month-to-month,66.7,6.5,0,0,debit,0
556,14,month-to-month,61.04,17.8,0,0,bank_transfer,0
77,63,one_year,64.66,12.9,2,0,cheque,0
1942,57,two_year,86.1,20.3,2,0,credit_card,0
1432,8,month-to-month,65.28,15.1,0,0,bank_transfer,0
1834,69,one_year,26.75,49.8,0,0,cheque,0
1965,45,two_year,25.72,10.7,2,0,cheque,1
1718,47,month-to-month,80.51,23.2,0,0,debit,0
1966,59,month-to-month,,24.7,1,1,debit,1
1702,12,month-to-month,43.49,16.4,1,0,cheque,0
31,70,two_year,24.19,11.2,4,0,bank_transfer,0
1759,6,month-to-month,108.9,9.1,2,1,bank_transfer,1
1532,13,month-to-month,25.11,5.3,1,0,credit_card,0
375,59,one_year,79.3,14.6,0,0,bank_transfer,0
1221,4,one_year,84.53,8.0,1,0,credit_card,0
818,45,two_year,66.46,9.0,2,0,debit,0
680,48,month-to-month,57.58,14.4,1,1,bank_transfer,0
1845,1,one_year,,28.4,2,0,credit_card,1
1570,57,month-to-month,40.13,5.4,2,0,credit_card,0
1587,48,one_year,94.75,26.7,0,1,credit_card,0
837,18,one_year,56.64,5.4,1,0,debit,1
1593,10,month-to-month,39.72,15.4,2,1,debit,1
45,54,one_year,50.31,2.0,1,0,bank_transfer,0
536,15,month-to-month,90.92,19.0,0,0,credit_card,1
169,52,month-to-month,79.18,11.1,0,0,credit_card,0
304,56,month-to-month,75.52,,1,0,bank_transfer,0
1681,70,one_year,84.12,14.6,2,1,debit,0
430,18,one_year,92.47,9.8,2,1,debit,0
1950,34,two_year,63.55,25.8,1,0,bank_transfer,0
1403,36,month-to-month,24.47,3.6,1,0,cheque,0
1433,49,one_year,78.88,7.5,1,1,bank_transfer,0
675,59,month-to-month,47.66,19.1,1,0,credit_card,0
395,24,month-to-month,52.33,16.4,1,0,cheque,1
1633,8,one_year,99.57,9.2,1,0,debit,1
591,16,month-to-month,39.32,,1,1,credit_card,0
1190,33,two_year,20.09,18.9,2,1,cheque,0
775,37,month-to-month,80.45,4.5,1,0,debit,1
1669,44,two_year,61.62,5.7,2,0,cheque,0
1088,8,month-to-month,39.24,4.3,0,0,cheque,0
1037,55,month-to-month,39.45,6.0,1,0,debit,0
186,21,one_year,41.23,12.4,3,0,cheque,1
1784,59,one_year,56.06,8.6,1,1,bank_transfer,1
1339,60,one_year,50.29,23.5,1,0,debit,0
1451,57,month-to-month,27.69,8.9,2,0,cheque,0
1641,5,month-to-month,92.84,8.2,0,0,debit,0
301,43,one_year,86.87,4.5,1,0,bank_transfer,0
1515,70,one_year,27.91,5.2,3,0,credit_card,0
1910,57,two_year,107.08,8.5,1,0,cheque,0
1387,22,month-to-month,96.58,5.5,1,0,credit_card,1
1620,35,month-to-month,66.67,,4,0,bank_transfer,0
870,33,one_year,105.81,4.6,3,0,credit_card,0
1958,46,month-to-month,97.66,7.3,0,0,bank_transfer,0
1788,4,month-to-month,,25.1,2,1,cheque,1
1923,31,two_year,63.08,17.6,0,0,debit,0
176,1,month-to-month,100.32,6.6,2,0,cheque,1
1415,11,two_year,37.95,13.9,2,0,credit_card,0
747,39,one_year,28.94,5.1,6,0,bank_transfer,1
1630,18,one_year,68.43,,2,0,bank_transfer,0
124,36,month-to-month,100.24,4.7,0,0,cheque,0
967,31,one_year,48.7,7.5,1,0,credit_card,0
1764,43,month-to-month,20.25,8.5,0,0,cheque,0
942,4,two_year,93.56,10.7,4,0,debit,1
40,56,month-to-month,25.85,4.2,1,0,credit_card,0
594,27,month-to-month,61.69,8.1,0,0,bank_transfer,0
722,13,one_year,34.2,15.7,0,1,cheque,0
332,54,month-to-month,48.06,9.8,0,0,credit_card,0
963,35,two_year,103.08,15.9,3,0,debit,1
195,37,month-to-month,72.73,,0,0,bank_transfer,1
533,9,month-to-month,35.3,3.7,0,0,cheque,1
1340,67,one_year,74.12,2.2,1,0,cheque,0
1735,57,two_year,31.82,9.0,2,0,cheque,0
323,20,month-to-month,47.73,12.9,1,0,debit,1
1212,56,month-to-month,31.28,16.8,0,0,bank_transfer,0
267,70,one_year,23.25,7.7,1,0,debit,0
1294,70,month-to-month,56.69,11.4,1,1,bank_transfer,0
1448,69,two_year,58.34,10.1,0,1,credit_card,0
68,51,month-to-month,,,0,1,cheque,0
969,42,two_year,42.51,13.9,1,1,bank_transfer,0
1606,31,month-to-month,53.9,11.2,0,0,credit_card,0
1363,20,one_year,90.48,5.9,1,1,cheque,0
1976,39,month-to-month,67.66,23.4,0,0,credit_card,0
515,15,month-to-month,93.36,12.4,2,0,debit,1
1330,6,month-to-month,71.96,11.3,0,0,cheque,0
1429,35,two_year,30.99,7.0,1,0,debit,0
1119,4,month-to-month,,14.5,1,0,bank_transfer,0
1353,36,two_year,67.14,5.3,2,0,credit_card,0
1553,64,two_year,62.31,10.7,0,0,cheque,0
1786,19,month-to-month,38.67,7.2,1,0,bank_transfer,0
1654,48,two_year,94.87,24.1,0,0,debit,0
707,70,month-to-month,45.37,16.3,2,1,cheque,1
586,20,month-to-month,77.01,14.3,1,0,debit,1
1674,7,month-to-month,96.3,13.1,3,1,bank_transfer,1
638,37,two_year,32.0,7.1,0,0,debit,0
1457,37,one_year,91.19,8.9,0,0,credit_card,0
1550,44,month-to-month,73.14,9.1,0,0,debit,0
1836,30,month-to-month,82.96,11.2,0,1,cheque,1
1824,22,month-to-month,27.73,6.7,1,0,bank_transfer,0
681,51,month-to-month,73.95,22.1,1,0,credit_card,0
1774,54,one_year,78.43,9.5,0,0,debit,0
1303,23,two_year,106.77,11.9,1,0,bank_transfer,0
1753,18,one_year,53.01,5.7,1,0,cheque,1
760,28,month-to-month,48.44,20.4,1,0,debit,1
1240,54,two_year,106.88,10.9,1,0,cheque,0
262,50,one_year,82.91,3.4,1,0,cheque,0
465,70,two_year,83.31,11.2,1,0,bank_transfer,0
986,31,month-to-month,58.3,4.4,1,0,cheque,1
241,18,one_year,104.61,11.1,1,0,bank_transfer,0
1285,56,month-to-month,,7.7,3,0,cheque,1
1929,31,month-to-month,69.92,13.6,0,1,cheque,0
1953,16,month-to-month,82.28,16.5,1,0,debit,1
1400,45,month-to-month,82.77,11.2,2,0,bank_transfer,0
611,10,month-to-month,29.5,22.1,2,0,debit,1
366,54,month-to-month,,2.6,2,0,credit_card,1
1035,55,one_year,54.95,11.4,0,0,cheque,0
1256,26,month-to-month,75.53,6.8,0,0,cheque,1
597,45,month-to-month,24.18,10.7,2,0,debit,0
1051,57,month-to-month,20.18,4.7,0,0,debit,0
1275,15,two_year,72.39,19.0,1,1,bank_transfer,0
589,52,one_year,41.61,8.6,2,0,debit,0
72,22,one_year,59.77,7.2,0,0,bank_transfer,0
651,17,month-to-month,27.5,19.2,1,0,credit_card,1
260,49,two_year,107.56,6.4,0,0,cheque,0
52,58,two_year,82.53,4.6,1,0,cheque,0
199,66,month-to-month,91.74,3.6,1,0,credit_card,0
951,27,one_year,104.67,9.0,0,1,cheque,0
916,52,two_year,83.79,21.0,0,0,bank_transfer,0
333,4,one_year,54.31,7.9,1,0,debit,0
1377,23,month-to-month,28.29,14.6,0,0,debit,0
781,39,month-to-month,68.65,7.3,0,1,cheque,0
451,64,one_year,,16.5,1,0,bank_transfer,0
544,28,month-to-month,101.1,9.8,1,0,credit_card,1
1264,26,month-to-month,96.29,13.0,1,0,debit,0
480,54,one_year,79.85,15.8,0,1,debit,0
915,37,two_year,107.7,26.0,1,0,debit,0
1430,15,month-to-month,47.73,10.0,0,0,credit_card,0
711,30,one_year,61.8,13.0,1,0,bank_transfer,0
427,23,month-to-month,20.97,9.3,4,0,cheque,1
924,6,one_year,,27.7,0,0,credit_card,1
1517,47,two_year,24.4,13.3,1,0,credit_card,0
621,33,month-to-month,79.23,4.5,2,1,credit_card,1
999,71,month-to-month,25.25,8.4,0,0,bank_transfer,0
354,58,month-to-month,30.6,9.8,0,0,debit,0
486,44,two_year,73.57,16.5,1,0,cheque,0
734,53,two_year,93.12,2.9,0,0,bank_transfer,0
399,6,one_year,,8.0,3,0,credit_card,1
1166,61,two_year,31.5,9.0,0,1,debit,0
437,44,two_year,63.02,9.4,2,0,bank_transfer,0
193,68,one_year,25.37,7.1,1,0,debit,0
1453,16,two_year,88.98,6.2,2,1,cheque,1
1898,54,month-to-month,80.37,13.5,0,0,cheque,0
293,38,month-to-month,30.06,24.0,1,0,bank_transfer,0
487,30,two_year,,18.4,0,1,bank_transfer,1
631,26,one_year,63.52,24.2,2,0,credit_card,0
819,14,two_year,42.08,20.9,4,0,debit,1
1601,68,one_year,43.91,7.5,2,0,credit_card,0
1760,49,one_year,103.52,5.8,1,1,debit,0
142,54,two_year,78.69,9.5,3,0,cheque,0
1992,45,two_year,70.18,14.3,0,0,bank_transfer,0
3,32,one_year,95.47,9.9,3,0,cheque,1
772,59,one_year,107.38,18.1,1,0,credit_card,0
1895,68,month-to-month,72.42,8.5,1,1,debit,0
1174,29,one_year,85.77,9.0,1,0,debit,1
340,45,month-to-month,28.76,4.8,0,1,bank_transfer,0
974,12,one_year,38.3,13.3,3,1,cheque,0
409,68,month-to-month,65.19,10.5,1,0,cheque,0
1336,4,two_year,64.71,5.9,0,1,debit,0
266,40,two_year,57.04,6.1,3,0,credit_card,0
377,18,month-to-month,91.57,31.5,0,0,credit_card,1
1079,4,month-to-month,100.9,7.8,2,1,bank_transfer,1
483,26,two_year,104.44,4.8,1,0,debit,1
440,39,two_year,96.98,6.2,1,0,bank_transfer,0
272,71,month-to-month,29.71,6.5,1,1,debit,0
185,15,month-to-month,64.68,10.7,3,0,bank_transfer,1
1425,65,one_year,21.89,10.0,1,0,credit_card,0
245,9,month-to-month,50.3,19.9,1,0,bank_transfer,0
555,68,one_year,109.6,,0,0,bank_transfer,0
531,30,month-to-month,91.49,8.3,5,0,bank_transfer,1
446,54,month-to-month,95.17,5.6,2,0,debit,0
1408,57,one_year,38.01,10.0,0,0,cheque,0
1332,27,month-to-month,75.69,2.7,2,1,cheque,1
1041,58,one_year,85.4,13.9,0,0,cheque,0
927,47,month-to-month,52.65,5.9,0,0,credit_card,0
901,70,one_year,51.96,5.7,1,0,cheque,0
966,24,one_year,55.17,21.9,1,0,debit,0
416,65,one_year,85.67,4.4,1,0,bank_transfer,0
274,28,month-to-month,66.95,3.6,0,0,bank_transfer,1
742,55,one_year,89.67,8.8,0,0,cheque,0
1617,22,one_year,90.12,1.7,2,0,bank_transfer,1
1473,47,one_year,48.15,12.9,0,0,credit_card,0
251,15,month-to-month,68.06,,0,0,debit,0
414,28,one_year,107.88,22.2,5,0,debit,0
1574,6,month-to-month,106.8,17.1,1,1,debit,1
1324,15,month-to-month,51.99,12.1,1,0,cheque,0
937,15,month-to-month,65.0,9.2,2,0,debit,1
311,2,one_year,24.29,6.3,1,0,bank_transfer,1
580,47,one_year,94.33,18.0,1,0,bank_transfer,0
382,45,one_year,99.22,4.0,0,0,cheque,0
1384,52,month-to-month,67.37,5.8,0,0,debit,0
426,41,one_year,76.96,11.8,4,0,credit_card,0
1973,51,two_year,60.16,2.1,2,0,cheque,0
1916,24,one_year,98.83,7.8,1,0,credit_card,0
1162,20,one_year,26.73,7.7,2,0,credit_card,1
778,17,two_year,51.93,8.9,1,0,bank_transfer,0
1690,44,one_year,102.25,2.5,2,0,bank_transfer,0
705,40,one_year,52.91,,2,0,debit,0
1813,3,month-to-month,33.58,6.3,2,1,bank_transfer,0
571,68,one_year,86.6,2.9,1,0,debit,0
1266,62,one_year,88.69,14.3,2,0,debit,0
183,19,two_year,36.7,,2,0,debit,0
171,63,one_year,45.92,13.9,2,0,bank_transfer,0
1531,51,one_year,49.65,31.5,1,0,credit_card,0
1791,17,month-to-month,40.05,7.9,1,0,cheque,0
1902,3,one_year,67.81,19.2,1,0,bank_transfer,1
1672,12,one_year,101.43,7.7,2,0,bank_transfer,0
1745,43,month-to-month,69.06,13.2,1,0,credit_card,1
273,27,month-to-month,47.13,17.6,1,0,debit,0
1569,25,one_year,75.72,6.1,1,0,credit_card,0
702,34,month-to-month,105.13,20.8,2,0,bank_transfer,1
943,22,two_year,92.13,2.6,1,0,bank_transfer,0
372,59,one_year,76.31,9.1,2,1,bank_transfer,0
223,46,two_year,72.3,17.5,0,0,debit,0
1238,11,month-to-month,25.47,7.2,1,0,bank_transfer,1
1719,4,month-to-month,103.6,13.3,3,0,bank_transfer,1
1475,72,month-to-month,68.34,6.5,1,0,credit_card,0
519,59,two_year,40.66,6.5,0,0,debit,0
335,59,month-to-month,,1.6,1,0,bank_transfer,1
706,22,month-to-month,65.11,3.3,3,0,debit,0
1182,57,month-to-month,91.71,20.7,2,0,debit,0
1899,49,one_year,21.9,13.4,0,0,debit,0
1666,9,two_year,66.06,11.0,0,0,credit_card,0
16,34,one_year,61.98,5.3,1,0,debit,0
1762,63,two_year,108.16,2.5,1,0,credit_card,1
1538,28,one_year,28.34,2.8,2,0,credit_card,1
1559,62,month-to-month,105.03,12.8,1,1,bank_transfer,0
1707,53,month-to-month,53.81,2.9,1,0,debit,1
615,9,month-to-month,38.95,13.5,0,1,bank_transfer,0
980,58,one_year,21.6,11.7,0,1,credit_card,0
466,12,two_year,63.32,4.6,1,0,bank_transfer,1
782,57,two_year,,18.1,0,0,credit_card,0
200,67,month-to-month,76.34,11.5,0,0,cheque,0
1222,30,two_year,79.07,9.6,0,0,debit,0
1069,29,month-to-month,109.01,24.8,0,1,debit,1
1147,2,month-to-month,,18.7,3,0,bank_transfer,1
1317,43,two_year,90.45,2.3,1,0,bank_transfer,0
1474,58,month-to-month,63.71,10.6,1,0,cheque,1
1161,38,two_year,76.52,13.4,2,0,debit,0
1418,52,two_year,92.6,29.2,1,0,cheque,1
1827,28,month-to-month,85.43,3.5,0,0,debit,0
679,68,month-to-month,105.77,4.8,0,1,debit,0
1038,64,one_year,69.72,1.3,0,0,debit,0
44,45,month-to-month,53.57,9.1,0,1,debit,1
275,26,two_year,60.6,7.0,1,0,bank_transfer,0
1112,10,month-to-month,60.94,7.3,1,0,credit_card,1
102,27,month-to-month,65.25,9.3,1,0,debit,0
1512,5,one_year,31.46,,0,0,cheque,0
1245,32,two_year,37.79,18.8,2,1,bank_transfer,1
1388,47,month-to-month,84.48,6.1,2,0,cheque,0
108,63,two_year,22.05,6.6,0,0,debit,0
1270,33,one_year,38.13,8.4,1,0,debit,0
498,72,two_year,103.13,,3,0,bank_transfer,0
1274,30,month-to-month,31.24,3.4,1,0,credit_card,1
1481,29,month-to-month,21.24,14.1,0,0,debit,0
768,9,two_year,28.82,,0,0,cheque,1
629,55,month-to-month,54.07,8.5,2,0,debit,0
1122,49,one_year,108.62,3.9,2,1,cheque,0
1314,70,two_year,37.01,4.5,1,0,bank_transfer,0
1092,32,two_year,36.78,5.7,0,0,bank_transfer,0
603,12,month-to-month,96.37,3.4,3,0,credit_card,1
73,40,month-to-month,40.33,11.7,2,0,debit,1
765,35,one_year,,3.5,0,1,debit,0
1230,31,month-to-month,64.73,2.6,3,0,bank_transfer,0
1183,70,month-to-month,47.18,4.5,2,0,bank_transfer,0
1782,66,one_year,103.73,,1,0,cheque,0
482,60,two_year,54.83,25.8,1,0,debit,0
1961,67,one_year,23.13,14.1,1,0,cheque,0
507,54,month-to-month,42.68,13.8,0,0,debit,1
1575,56,month-to-month,43.8,8.8,0,1,debit,0
783,33,month-to-month,42.92,3.0,2,0,debit,0
375,59,one_year,79.3,14.6,0,0,bank_transfer,0
1274,30,month-to-month,31.24,3.4,1,0,credit_card,1
1211,1,one_year,81.9,16.9,0,0,cheque,1
1466,40,month-to-month,91.18,10.9,1,0,cheque,0
312,69,one_year,80.68,4.5,1,0,debit,0
1963,62,month-to-month,44.27,11.7,1,0,bank_transfer,0
406,72,month-to-month,90.55,,2,0,debit,0
1443,50,one_year,26.87,6.3,0,0,cheque,0
1642,51,month-to-month,78.82,8.4,0,0,bank_transfer,1
310,13,month-to-month,45.58,15.1,1,0,credit_card,1
227,64,month-to-month,56.43,10.8,0,0,credit_card,0
1720,13,month-to-month,27.99,17.8,1,0,debit,0
721,35,one_year,45.7,11.5,3,0,cheque,0
1548,45,one_year,92.62,4.3,1,0,cheque,0
839,2,one_year,81.03,5.5,0,0,debit,1
808,65,two_year,68.8,12.4,0,0,cheque,0
149,22,one_year,,16.4,1,0,debit,0
1343,46,one_year,73.98,10.4,1,0,bank_transfer,0
931,64,month-to-month,45.82,15.5,4,0,credit_card,1
987,66,two_year,24.8,2.3,1,0,debit,0
830,57,two_year,77.37,6.6,1,0,credit_card,0
850,40,two_year,78.54,10.9,1,0,credit_card,1
576,10,month-to-month,66.12,12.0,2,0,cheque,1
558,70,one_year,109.6,22.7,1,0,cheque,0
708,10,one_year,69.85,4.0,3,0,debit,1
1171,62,month-to-month,94.86,3.4,2,0,debit,0
1805,30,month-to-month,42.39,24.0,1,0,bank_transfer,1
1177,1,one_year,77.93,6.8,1,0,debit,1
1851,2,month-to-month,60.98,7.4,1,1,credit_card,1
975,36,month-to-month,93.74,9.7,2,1,credit_card,0
287,32,two_year,100.63,22.4,1,0,bank_transfer,0
1624,6,month-to-month,51.46,14.0,0,0,credit_card,1
1074,16,month-to-month,101.45,9.6,3,0,credit_card,1
599,49,month-to-month,88.55,12.3,0,0,credit_card,0
1354,62,two_year,105.79,7.3,1,0,debit,1
1576,8,two_year,99.02,25.1,1,1,credit_card,1
1657,71,two_year,28.28,14.0,0,1,cheque,0
1607,32,one_year,108.22,2.4,0,1,cheque,0
1053,34,month-to-month,91.93,6.4,0,0,debit,0
1246,35,one_year,43.12,12.4,2,0,bank_transfer,0
820,50,two_year,95.48,11.9,1,0,credit_card,0
965,24,two_year,86.14,3.0,0,1,cheque,0
979,12,month-to-month,48.67,16.4,2,0,debit,0
1402,2,month-to-month,99.03,18.7,0,0,cheque,1
1869,64,month-to-month,58.02,5.1,1,0,credit_card,0
610,23,two_year,73.68,19.2,0,0,credit_card,0
1638,66,two_year,40.24,4.1,0,0,debit,0
810,33,month-to-month,21.04,7.5,2,0,debit,1
1741,59,month-to-month,40.18,30.9,1,0,debit,1
1076,60,month-to-month,53.45,11.7,2,0,bank_transfer,0
494,9,two_year,42.53,6.5,0,1,cheque,1
1337,25,month-to-month,,21.5,1,0,bank_transfer,0
278,33,two_year,101.36,23.9,1,0,credit_card,0
1871,14,one_year,64.83,32.9,1,0,bank_transfer,0
359,35,month-to-month,64.05,12.7,1,0,bank_transfer,0
1126,71,one_year,35.23,12.6,2,0,debit,1
237,35,two_year,30.46,6.3,2,0,debit,0
552,5,month-to-month,101.09,32.4,2,0,bank_transfer,1
1892,63,two_year,27.02,3.0,1,0,bank_transfer,0
1329,28,one_year,86.0,9.5,2,0,credit_card,0
209,15,one_year,106.56,13.9,2,0,cheque,1
1404,58,month-to-month,22.4,9.1,3,0,cheque,1
1806,65,month-to-month,30.23,32.0,0,0,debit,0
59,69,one_year,79.96,3.4,0,0,cheque,0
632,68,two_year,46.03,16.8,0,0,bank_transfer,0
1667,57,one_year,77.74,34.2,2,0,cheque,0
1884,49,month-to-month,,23.9,3,0,credit_card,1
1597,12,month-to-month,21.65,42.6,2,0,bank_transfer,1
364,36,month-to-month,93.09,6.8,1,0,bank_transfer,1
506,50,two_year,59.39,14.4,0,0,debit,0
1779,65,one_year,,7.5,1,0,bank_transfer,0
1855,31,month-to-month,74.19,4.3,0,1,bank_transfer,0
1623,19,one_year,42.69,11.0,4,0,cheque,0
1232,9,month-to-month,31.04,19.7,0,1,bank_transfer,0
856,40,one_year,104.22,2.0,2,0,credit_card,0
1001,36,month-to-month,20.47,10.3,0,0,debit,0
1919,29,two_year,97.03,8.5,2,0,cheque,1
119,26,two_year,92.98,4.0,0,0,cheque,0
1833,15,one_year,64.98,6.3,1,0,cheque,0
1618,53,month-to-month,79.0,20.0,0,0,cheque,1
523,1,one_year,,14.8,0,0,credit_card,0
514,53,month-to-month,99.77,10.5,2,0,bank_transfer,0
82,68,month-to-month,80.52,21.0,0,1,credit_card,1
1362,13,month-to-month,54.93,20.2,1,0,bank_transfer,1
1799,9,month-to-month,61.64,,1,1,credit_card,1
381,63,month-to-month,90.88,11.2,0,0,bank_transfer,0
1042,57,one_year,69.71,7.3,1,1,debit,0
1710,17,one_year,106.2,4.3,0,0,credit_card,0
85,54,month-to-month,100.67,12.9,3,0,credit_card,0
1882,25,one_year,40.36,3.8,1,1,credit_card,0
985,51,month-to-month,85.45,11.7,1,0,bank_transfer,0
330,38,month-to-month,28.63,2.4,1,0,debit,1
7,61,one_year,29.11,15.6,0,0,cheque,0
757,72,month-to-month,63.74,7.9,0,0,debit,0
1334,45,one_year,91.79,17.8,0,0,cheque,1
949,27,two_year,92.95,20.0,0,0,debit,0
889,57,month-to-month,47.11,18.3,1,0,debit,0
452,14,one_year,64.74,12.8,1,1,bank_transfer,0
491,15,month-to-month,61.07,35.2,1,0,cheque,1
1982,58,month-to-month,58.44,10.7,2,0,credit_card,1
288,72,one_year,79.88,10.6,1,0,cheque,0
926,64,one_year,39.57,8.0,2,1,bank_transfer,0
57,14,one_year,84.29,10.8,5,0,cheque,0
1386,35,month-to-month,47.22,,2,0,credit_card,0
1932,62,month-to-month,76.31,12.7,3,0,credit_card,0
716,4,month-to-month,96.12,26.5,1,0,debit,1
814,64,one_year,22.88,22.4,2,0,cheque,1
1818,15,month-to-month,51.36,12.2,0,0,bank_transfer,0
1785,19,one_year,85.83,9.9,0,0,cheque,0
991,23,one_year,89.14,11.0,1,0,bank_transfer,0
1507,69,month-to-month,66.18,12.0,2,0,cheque,1
1108,14,two_year,109.1,5.5,0,0,cheque,0
1671,17,month-to-month,70.28,6.3,0,0,cheque,0
328,61,one_year,81.65,14.4,0,0,cheque,0
443,63,two_year,41.85,12.6,2,0,bank_transfer,0
1519,32,month-to-month,72.89,12.6,3,1,debit,1
1358,24,two_year,70.46,9.0,0,0,debit,1
940,5,one_year,31.21,4.2,3,0,debit,0
893,7,month-to-month,75.9,12.0,2,0,debit,1
178,24,one_year,23.78,7.7,1,0,cheque,0
1558,36,two_year,85.23,19.4,3,0,credit_card,0
1680,15,month-to-month,41.1,7.6,0,1,cheque,1
87,69,month-to-month,79.52,19.5,1,1,debit,0
1426,72,two_year,102.36,4.8,1,0,bank_transfer,0
1925,58,two_year,90.87,9.2,1,0,debit,0
458,4,one_year,21.45,9.7,0,0,credit_card,1
1852,4,month-to-month,29.22,12.5,0,0,credit_card,1
55,15,one_year,68.74,7.7,1,0,credit_card,1
1770,39,two_year,71.51,6.3,0,0,cheque,0
644,37,two_year,69.22,29.0,0,1,cheque,0
678,1,one_year,61.89,2.1,3,1,credit_card,1
222,31,two_year,75.9,7.8,0,1,credit_card,0
114,32,month-to-month,30.95,2.5,0,0,credit_card,0
1000,6,two_year,79.44,10.4,6,0,debit,1
1299,22,two_year,38.15,1.1,1,0,debit,0
1691,26,month-to-month,93.72,2.4,2,0,bank_transfer,1
175,34,month-to-month,56.36,8.6,2,1,debit,0
1428,64,month-to-month,32.14,6.4,1,0,bank_transfer,0
590,12,month-to-month,106.82,18.2,1,0,bank_transfer,0
1579,25,month-to-month,41.52,7.1,0,0,credit_card,1
19,60,two_year,80.25,12.9,0,0,cheque,0
424,40,month-to-month,21.27,14.7,2,0,debit,1
1360,27,month-to-month,,7.2,1,0,credit_card,0
286,11,month-to-month,41.44,13.1,0,1,bank_transfer,0
1603,21,month-to-month,80.34,7.3,0,1,debit,0
429,56,month-to-month,34.18,7.9,0,0,credit_card,0
1969,37,month-to-month,78.63,19.7,2,1,credit_card,1
1441,47,month-to-month,97.66,11.5,1,0,debit,0
670,47,month-to-month,96.63,33.3,2,0,cheque,1
32,6,two_year,45.22,20.5,1,0,credit_card,0
1084,18,month-to-month,55.06,27.7,1,0,bank_transfer,1
723,67,month-to-month,72.68,24.4,0,0,bank_transfer,0
1470,61,month-to-month,35.31,6.1,2,0,cheque,0
215,66,two_year,34.47,9.9,0,1,debit,0
1288,61,month-to-month,84.15,19.7,1,0,cheque,0
1262,3,one_year,63.67,,1,0,cheque,0
327,67,month-to-month,50.63,3.0,1,0,bank_transfer,0
561,28,one_year,45.45,4.6,1,0,bank_transfer,0
1566,43,month-to-month,38.15,6.5,1,0,bank_transfer,0
701,15,one_year,75.38,9.7,2,0,debit,1
1132,17,one_year,96.05,21.2,0,1,cheque,1
1205,63,one_year,24.89,15.3,2,0,credit_card,0
342,56,one_year,20.41,4.3,2,1,credit_card,0
630,54,two_year,35.15,15.5,1,0,debit,0
148,45,one_year,54.29,10.9,1,0,credit_card,0
1947,68,two_year,97.82,9.6,2,0,credit_card,1
361,33,month-to-month,98.35,13.9,4,0,debit,1
84,66,one_year,83.04,8.2,2,1,debit,0
49,33,two_year,26.66,11.6,2,0,cheque,0
469,9,two_year,36.7,7.1,2,0,cheque,0
156,55,one_year,98.65,22.4,3,0,cheque,1
1260,57,month-to-month,61.22,15.5,1,0,debit,0
1044,40,month-to-month,92.72,15.6,1,0,debit,1
1610,55,one_year,62.3,6.9,0,0,cheque,0
1420,67,one_year,106.54,3.9,2,0,credit_card,0
1320,28,month-to-month,91.92,24.5,1,0,credit_card,1
1650,45,two_year,108.41,10.8,0,0,debit,0
501,13,two_year,103.03,3.0,3,0,debit,1
1787,21,one_year,28.23,10.1,0,0,credit_card,0
180,21,one_year,99.51,14.2,2,0,credit_card,0
1821,45,one_year,74.65,9.6,0,1,cheque,0
1778,48,two_year,60.09,19.8,1,0,cheque,1
1145,18,one_year,109.95,34.0,0,1,credit_card,1
1839,72,month-to-month,91.52,4.8,0,0,cheque,0
1709,52,two_year,,8.6,0,0,cheque,0
747,39,one_year,28.94,5.1,6,0,bank_transfer,1
529,2,two_year,77.63,3.8,1,0,cheque,1
347,6,month-to-month,52.48,14.3,3,0,bank_transfer,1
1405,8,month-to-month,36.97,2.6,1,0,debit,1
1986,6,two_year,48.78,7.5,1,0,bank_transfer,1
825,10,one_year,70.29,5.1,0,0,cheque,0
1998,33,two_year,,21.9,0,0,credit_card,0
1028,52,month-to-month,27.97,9.0,2,0,cheque,1
602,8,month-to-month,90.76,10.9,2,0,cheque,1
1062,23,month-to-month,102.36,9.6,0,0,cheque,1
244,66,month-to-month,55.44,,1,0,cheque,1
906,56,one_year,89.85,21.2,0,0,credit_card,0
1081,9,two_year,37.18,3.7,1,0,debit,0
1495,19,month-to-month,,10.5,2,0,cheque,0
313,24,month-to-month,86.82,8.4,2,0,credit_card,1
436,45,month-to-month,84.79,11.3,4,0,cheque,1
1924,7,month-to-month,63.76,22.9,0,0,credit_card,1
950,4,two_year,25.67,10.8,1,0,debit,1
309,27,month-to-month,75.74,3.5,2,0,debit,1
431,44,month-to-month,22.58,13.3,0,0,debit,0
661,50,month-to-month,42.61,16.8,0,0,bank_transfer,0
371,15,two_year,63.31,3.7,2,0,credit_card,0
567,65,month-to-month,95.98,7.7,4,0,cheque,1
1201,34,one_year,37.48,4.3,2,0,credit_card,0
182,20,month-to-month,26.13,5.2,1,0,bank_transfer,0
882,39,two_year,72.97,2.5,1,0,bank_transfer,0
622,50,month-to-month,75.55,8.6,1,1,cheque,0
941,8,two_year,57.62,11.6,2,0,bank_transfer,1
1736,5,month-to-month,104.19,4.9,1,0,credit_card,1
1407,3,one_year,67.33,11.1,0,0,credit_card,0
1698,38,month-to-month,40.77,15.5,1,0,credit_card,0
1870,18,month-to-month,38.1,22.1,2,1,credit_card,1
938,2,month-to-month,41.01,11.8,3,0,bank_transfer,1
1921,20,month-to-month,89.63,17.5,2,1,cheque,1
297,18,month-to-month,66.05,4.9,0,0,debit,1
917,39,month-to-month,59.84,11.7,1,0,credit_card,0
462,25,month-to-month,54.21,5.9,2,0,bank_transfer,1
1319,18,one_year,38.06,26.1,3,0,cheque,1
1325,37,month-to-month,,5.9,1,0,credit_card,0
378,22,one_year,103.99,6.9,1,0,bank_transfer,0
799,8,month-to-month,69.15,8.4,1,0,cheque,0
1118,40,month-to-month,107.55,6.0,1,0,credit_card,1
106,37,month-to-month,81.94,3.4,0,1,debit,0
127,9,month-to-month,109.03,6.6,0,0,debit,1
1513,58,month-to-month,104.81,13.4,2,1,debit,1
1327,22,two_year,58.99,13.6,1,0,cheque,1
1817,7,two_year,92.73,12.3,0,0,bank_transfer,0
356,31,month-to-month,35.91,10.2,0,0,debit,1
1636,52,two_year,91.68,19.0,3,0,bank_transfer,0
683,6,one_year,43.79,3.3,2,0,debit,0
1795,14,two_year,78.83,7.4,1,0,bank_transfer,1
887,6,one_year,88.06,23.5,0,0,cheque,0
210,29,one_year,103.05,7.5,2,0,credit_card,0
1263,36,month-to-month,106.56,7.9,0,0,bank_transfer,1
141,33,two_year,94.99,12.4,3,0,bank_transfer,0
1455,50,one_year,107.94,29.2,1,0,debit,0
1356,65,one_year,107.41,11.7,0,0,debit,0
1609,22,two_year,53.96,11.6,1,0,bank_transfer,0
1594,20,month-to-month,90.73,10.8,0,0,debit,1
1111,25,one_year,,,2,0,credit_card,0
863,8,two_year,104.64,14.0,1,0,debit,1
907,68,month-to-month,86.09,24.5,2,0,debit,1
712,51,month-to-month,83.04,5.0,1,1,debit,0
1789,34,month-to-month,72.45,10.2,0,1,cheque,1
880,66,month-to-month,26.28,24.2,2,0,debit,0
875,17,month-to-month,73.15,35.2,1,1,credit_card,1
11,18,month-to-month,,10.6,2,0,debit,1
1772,30,month-to-month,70.51,30.2,0,0,cheque,1
1139,63,one_year,66.23,9.6,1,0,cheque,1
283,12,one_year,66.06,7.6,1,0,cheque,1
811,11,two_year,45.71,8.6,0,0,bank_transfer,0
1106,53,one_year,40.68,11.2,1,0,debit,0
292,19,two_year,,10.4,2,0,bank_transfer,0
755,2,two_year,59.04,13.9,0,1,credit_card,1
627,13,one_year,47.49,3.0,2,0,bank_transfer,0
1856,51,month-to-month,58.05,5.0,0,1,credit_card,1
129,50,one_year,66.12,27.8,1,0,credit_card,0
130,50,one_year,91.76,14.0,1,0,credit_card,0
1191,37,one_year,22.08,2.5,1,0,bank_transfer,0
844,15,two_year,55.88,9.3,2,0,debit,1
324,16,two_year,91.43,16.7,0,0,cheque,0
1104,20,month-to-month,77.73,10.2,2,0,cheque,1
858,9,two_year,55.77,18.9,0,0,debit,1
1987,39,month-to-month,63.25,17.6,1,0,cheque,1
1889,44,month-to-month,37.52,14.0,0,0,bank_transfer,0
1024,6,month-to-month,70.51,13.8,1,1,debit,1
888,15,month-to-month,30.23,2.7,1,0,debit,1
696,31,month-to-month,106.43,13.6,0,0,cheque,1
216,21,one_year,25.81,13.9,0,0,credit_card,0
1055,42,month-to-month,81.54,6.3,0,0,credit_card,1
1449,2,one_year,90.43,5.6,1,0,bank_transfer,1
159,8,one_year,56.7,4.6,2,0,cheque,1
1866,4,two_year,46.35,6.3,2,0,cheque,0
1006,55,one_year,,6.4,2,0,bank_transfer,0
908,11,month-to-month,,,0,0,cheque,0
842,34,month-to-month,27.15,24.4,4,0,bank_transfer,0
635,19,month-to-month,96.76,4.2,0,1,debit,0
517,40,month-to-month,98.58,14.0,0,0,credit_card,0
1665,38,one_year,76.64,17.9,0,0,credit_card,0
1612,58,month-to-month,99.53,7.3,0,0,credit_card,0
598,66,month-to-month,37.42,8.4,1,0,credit_card,0
196,8,two_year,23.44,7.4,0,0,credit_card,1
1663,58,two_year,69.53,4.8,2,0,cheque,0
953,55,one_year,49.91,15.3,1,0,credit_card,0
411,22,month-to-month,26.66,47.4,0,0,bank_transfer,1
97,8,one_year,22.14,14.3,0,0,bank_transfer,0
1875,8,one_year,31.55,6.8,0,0,credit_card,0
964,49,month-to-month,55.99,14.3,1,0,debit,0
157,4,month-to-month,36.09,9.4,2,0,bank_transfer,1
420,36,month-to-month,22.25,11.9,1,0,cheque,0
1826,69,two_year,56.31,5.8,3,0,cheque,0
478,14,month-to-month,85.68,16.1,2,0,debit,0
1880,71,one_year,,13.0,0,1,credit_card,0
669,44,one_year,66.19,11.6,0,0,cheque,0
1808,35,month-to-month,57.11,9.3,1,0,bank_transfer,1
1897,9,month-to-month,92.59,26.7,2,0,cheque,1
1316,8,month-to-month,84.27,16.6,3,0,bank_transfer,0
448,47,one_year,47.98,7.1,0,0,cheque,1
554,20,month-to-month,65.46,10.9,1,0,cheque,0
179,69,one_year,32.18,22.8,0,0,bank_transfer,0
391,27,month-to-month,103.96,20.2,1,0,credit_card,1
579,54,one_year,34.47,9.2,2,0,bank_transfer,0
1937,23,one_year,49.66,4.7,1,1,debit,0
1728,71,month-to-month,45.93,10.1,0,0,credit_card,0
1304,48,month-to-month,43.57,,1,1,debit,1
1705,20,month-to-month,35.9,16.9,1,0,cheque,1
1656,27,month-to-month,42.99,17.6,2,0,debit,0
821,31,month-to-month,65.87,7.7,1,1,credit_card,0
1848,27,one_year,54.34,21.3,1,0,cheque,1
1002,39,month-to-month,39.83,14.0,1,0,debit,1
1812,51,month-to-month,31.72,18.8,1,0,debit,0
665,56,two_year,80.94,14.6,0,0,bank_transfer,0
143,64,two_year,73.18,4.5,2,0,credit_card,0
1608,40,one_year,61.41,19.1,0,0,cheque,0
1447,1,two_year,67.92,,1,0,credit_card,1
865,23,month-to-month,64.08,7.6,2,0,bank_transfer,1
422,19,one_year,74.29,6.1,0,1,debit,0
637,60,one_year,21.43,18.7,0,0,credit_card,0
1424,46,one_year,52.62,15.3,2,0,cheque,0
800,36,month-to-month,36.69,24.3,2,0,cheque,0
1101,46,month-to-month,51.2,4.6,1,0,cheque,0
616,41,month-to-month,32.41,8.0,2,1,cheque,1
295,10,month-to-month,45.06,8.0,1,1,bank_transfer,1
939,4,month-to-month,,19.0,1,0,credit_card,1
945,8,month-to-month,20.7,13.3,1,0,bank_transfer,0
1928,58,month-to-month,106.08,,1,0,debit,0
89,30,month-to-month,47.76,3.8,3,1,credit_card,1
42,65,month-to-month,58.69,4.9,0,0,cheque,0
1825,40,one_year,102.72,8.0,2,0,bank_transfer,0
1959,52,one_year,108.51,8.5,0,0,cheque,0
132,25,month-to-month,,3.3,1,0,bank_transfer,1
1019,69,month-to-month,89.47,5.4,1,1,debit,0
1007,67,month-to-month,52.17,12.8,0,0,bank_transfer,0
1985,38,one_year,41.03,11.6,2,0,cheque,1
1879,35,one_year,99.01,18.4,1,0,bank_transfer,1
1361,70,month-to-month,21.4,3.1,0,0,debit,0
1518,4,one_year,34.95,3.8,2,0,credit_card,0
165,66,month-to-month,106.09,12.3,1,0,debit,0
725,49,month-to-month,80.11,8.8,0,0,debit,0
291,41,month-to-month,27.62,24.2,2,0,bank_transfer,0
1158,57,two_year,53.04,14.9,1,0,cheque,0
1555,71,one_year,58.56,27.4,1,0,credit_card,0
1922,9,month-to-month,30.03,13.5,0,0,debit,1
906,56,one_year,89.85,21.2,0,0,credit_card,0
1379,17,month-to-month,91.77,11.0,3,0,credit_card,1
779,11,one_year,92.0,12.5,3,1,bank_transfer,1
840,26,one_year,80.23,7.0,1,0,bank_transfer,0
349,37,month-to-month,83.96,8.6,1,0,credit_card,0
1970,16,month-to-month,85.45,,2,0,cheque,1
572,47,month-to-month,77.85,17.0,0,0,debit,0
918,33,one_year,56.36,17.1,0,0,cheque,0
994,6,month-to-month,102.09,7.4,1,0,cheque,1
1912,28,month-to-month,82.94,4.8,3,0,cheque,1
1488,6,one_year,100.03,8.2,0,0,bank_transfer,1
1611,32,month-to-month,84.73,9.5,2,0,cheque,1
1334,45,one_year,91.79,17.8,0,0,cheque,1
1868,13,two_year,108.98,12.5,1,0,cheque,1
137,12,one_year,102.35,10.7,0,0,credit_card,0
459,15,month-to-month,30.87,9.2,0,0,bank_transfer,0
376,57,month-to-month,33.66,8.8,1,0,cheque,0
1359,52,one_year,49.92,7.8,1,0,cheque,0
334,60,two_year,,4.1,2,0,cheque,0
1323,63,month-to-month,33.8,21.5,1,1,credit_card,0
1352,15,month-to-month,29.04,9.9,2,0,bank_transfer,1
1948,35,month-to-month,21.01,28.1,2,0,credit_card,1
1783,22,month-to-month,75.64,5.8,2,0,credit_card,1
1476,57,month-to-month,44.77,7.0,0,1,debit,0
817,63,month-to-month,91.85,9.1,2,0,cheque,0
1721,36,one_year,90.0,3.6,0,1,credit_card,0
1023,61,two_year,49.13,8.9,0,0,cheque,0
1894,65,month-to-month,45.89,7.0,2,0,cheque,0
1522,41,one_year,56.43,23.7,1,1,credit_card,0
1520,35,one_year,46.02,9.8,1,0,cheque,0
911,27,month-to-month,41.69,15.6,0,0,bank_transfer,1
1955,17,month-to-month,83.17,6.0,0,0,debit,1
1284,72,one_year,33.21,10.0,0,0,credit_card,0
329,34,month-to-month,76.28,21.5,1,0,credit_card,0
1048,18,month-to-month,69.41,23.7,0,1,debit,0
319,69,month-to-month,91.34,6.0,1,0,cheque,0
1549,60,month-to-month,53.26,7.0,0,0,bank_transfer,0
1376,4,two_year,104.59,21.0,1,0,credit_card,0
1755,66,two_year,56.24,18.1,3,0,credit_card,0
168,11,two_year,92.94,18.1,1,0,debit,0
13,25,one_year,38.45,2.3,0,0,credit_card,0
1952,35,month-to-month,74.09,7.8,0,0,debit,1
172,13,month-to-month,22.07,19.4,1,1,bank_transfer,0
650,52,one_year,98.65,8.8,0,0,cheque,0
1853,33,month-to-month,,21.4,1,0,debit,1
261,55,month-to-month,97.16,5.4,0,0,debit,0
1229,69,month-to-month,107.39,,0,0,bank_transfer,0
1911,6,two_year,56.95,6.5,0,0,debit,0
902,1,month-to-month,97.4,6.3,2,0,debit,1
673,31,one_year,,2.6,1,0,credit_card,0
259,57,one_year,59.97,15.0,4,1,debit,1
845,1,month-to-month,67.47,12.3,1,0,credit_card,1
868,25,month-to-month,105.34,7.1,3,0,cheque,0
1346,43,two_year,58.72,20.2,0,0,bank_transfer,0
139,18,one_year,48.0,40.5,0,1,bank_transfer,0
894,67,month-to-month,42.27,6.1,2,0,credit_card,0
1861,53,month-to-month,28.29,13.4,0,0,bank_transfer,0
550,36,month-to-month,35.57,8.8,2,0,debit,0
320,55,one_year,62.78,9.4,0,0,bank_transfer,0
1546,33,one_year,96.71,11.0,1,0,cheque,1
1252,50,one_year,45.64,21.3,0,0,bank_transfer,0
1193,48,month-to-month,29.17,18.6,0,0,credit_card,0
559,12,month-to-month,53.05,6.8,0,0,credit_card,1
140,17,month-to-month,80.43,,1,0,debit,0
1757,56,month-to-month,22.71,11.6,1,0,debit,0
532,15,two_year,79.17,23.3,0,0,credit_card,0
225,32,month-to-month,84.49,17.5,1,0,debit,1
724,54,one_year,50.07,12.9,0,0,cheque,0
787,67,two_year,84.39,12.1,0,0,debit,1
1739,10,month-to-month,36.54,18.8,1,0,credit_card,1
1293,17,month-to-month,50.26,3.4,0,0,bank_transfer,0
410,26,month-to-month,61.99,6.8,0,0,cheque,0
326,71,month-to-month,104.22,18.8,3,0,debit,0
1114,41,two_year,104.99,7.3,2,0,credit_card,0
300,43,month-to-month,23.44,12.8,2,0,credit_card,0
1279,33,month-to-month,98.58,21.7,1,0,bank_transfer,1
1450,35,month-to-month,48.54,4.4,0,0,debit,0
26,12,one_year,39.86,17.5,1,0,cheque,0
1883,48,two_year,22.94,5.2,2,0,cheque,0
715,41,month-to-month,,13.3,0,0,debit,1
847,44,month-to-month,64.23,8.1,2,0,debit,0
194,63,two_year,95.06,3.8,0,0,cheque,0
441,1,one_year,105.53,23.1,2,0,credit_card,0
574,56,one_year,60.36,9.9,0,0,bank_transfer,0
947,63,month-to-month,96.79,21.1,0,1,cheque,0
998,38,month-to-month,66.07,14.6,0,0,bank_transfer,0
504,46,two_year,57.32,4.2,1,0,credit_card,0
606,64,one_year,61.96,10.3,0,0,debit,0
1188,2,one_year,33.61,2.7,0,0,debit,0
1179,49,month-to-month,47.54,22.0,0,0,credit_card,0
1810,45,one_year,60.9,4.5,0,0,cheque,0
4,15,month-to-month,45.21,12.6,3,0,debit,1
1165,14,one_year,108.11,6.5,0,0,debit,0
468,53,two_year,47.16,7.4,1,0,cheque,0
6,67,month-to-month,57.36,3.8,1,0,bank_transfer,1
1392,11,month-to-month,46.83,15.2,0,0,debit,1
548,59,one_year,105.89,19.9,2,0,debit,0
229,38,month-to-month,41.69,46.0,1,0,debit,0
543,17,two_year,92.44,19.7,2,0,debit,0
243,71,month-to-month,38.44,14.9,1,0,bank_transfer,0
899,35,two_year,21.64,11.0,0,0,bank_transfer,0
1766,11,one_year,106.43,33.2,0,0,debit,0
1207,21,month-to-month,76.69,9.1,1,0,credit_card,0
1472,2,month-to-month,78.86,21.0,1,0,credit_card,1
843,3,month-to-month,62.08,4.0,0,1,credit_card,1
1436,1,one_year,34.91,9.1,3,0,bank_transfer,1
1170,30,month-to-month,71.72,12.2,4,0,bank_transfer,1
1995,24,one_year,79.06,31.0,0,0,cheque,1
662,17,one_year,93.52,13.0,2,0,debit,1
1226,34,month-to-month,36.42,4.7,0,0,credit_card,0
315,24,two_year,98.8,13.2,2,0,cheque,0
692,57,month-to-month,34.94,24.5,2,0,cheque,0
1885,27,month-to-month,39.32,3.5,0,1,cheque,1
425,64,one_year,107.1,13.9,1,0,bank_transfer,0
595,29,one_year,64.12,8.1,2,0,debit,0
1989,37,month-to-month,81.58,4.9,3,0,debit,0
623,65,two_year,59.2,4.9,0,0,debit,0
1186,14,month-to-month,49.94,8.1,0,0,bank_transfer,0
1056,50,month-to-month,67.35,5.7,1,1,debit,0
228,62,two_year,20.05,17.5,1,0,bank_transfer,0
1133,70,month-to-month,29.07,4.5,0,0,debit,0
1348,54,month-to-month,56.06,5.8,1,0,cheque,0
1113,2,two_year,54.23,16.0,3,0,bank_transfer,1
67,47,one_year,53.86,8.7,5,0,credit_card,1
25,67,one_year,91.83,6.4,0,0,debit,1
145,56,two_year,,17.5,1,1,bank_transfer,1
537,52,month-to-month,95.37,10.5,0,0,cheque,0
812,61,month-to-month,21.59,12.7,1,0,bank_transfer,0
1135,50,two_year,74.46,9.7,0,0,debit,0
86,65,month-to-month,41.13,13.5,1,0,bank_transfer,0
1437,72,one_year,48.7,11.1,0,0,credit_card,0
1199,66,two_year,35.2,27.7,0,0,debit,0
1084,18,month-to-month,55.06,27.7,1,0,bank_transfer,1
1828,23,month-to-month,102.87,11.3,1,0,bank_transfer,1
1841,66,month-to-month,26.14,14.6,1,1,bank_transfer,1
1390,35,one_year,30.25,7.8,1,0,debit,0
1160,63,month-to-month,86.22,2.8,0,0,credit_card,1
363,26,month-to-month,27.5,1.5,1,0,debit,1
1631,68,month-to-month,54.84,38.2,2,0,cheque,1
1351,40,two_year,70.75,3.8,0,1,cheque,1
1027,38,month-to-month,41.55,14.6,1,0,credit_card,0
1031,40,one_year,70.57,17.5,2,0,debit,1
1233,62,one_year,73.13,7.8,0,0,bank_transfer,0
1801,26,month-to-month,44.81,16.9,1,1,bank_transfer,1
1086,61,month-to-month,64.84,7.8,2,0,credit_card,1
666,62,month-to-month,77.37,10.8,1,0,credit_card,0
365,38,one_year,31.75,23.3,1,0,cheque,0
78,72,two_year,20.27,,2,0,debit,0
28,14,two_year,41.95,4.3,1,1,bank_transfer,0
1454,18,one_year,62.67,9.4,1,0,bank_transfer,1
526,2,month-to-month,94.79,6.6,1,0,bank_transfer,1
1858,57,two_year,27.88,1.2,2,1,cheque,1
56,8,one_year,26.64,8.6,4,0,credit_card,1
639,36,two_year,105.09,15.6,5,0,credit_card,1
303,22,two_year,74.39,18.6,0,0,bank_transfer,0
719,43,two_year,81.33,10.1,2,0,debit,0
625,36,two_year,77.4,9.6,1,0,credit_card,1
8,15,month-to-month,76.67,,0,0,bank_transfer,1
804,10,month-to-month,58.11,13.7,5,0,bank_transfer,1
1050,9,one_year,72.0,12.2,2,0,credit_card,1
337,43,one_year,32.08,4.3,1,0,credit_card,0
48,51,two_year,63.1,30.1,1,0,debit,0
1499,64,month-to-month,98.34,11.3,3,1,bank_transfer,1
107,33,one_year,29.63,28.5,1,0,credit_card,0
350,21,month-to-month,74.05,7.2,2,0,cheque,0
1080,70,month-to-month,43.05,6.5,0,0,cheque,0
239,14,one_year,,10.8,1,1,credit_card,0
214,44,month-to-month,88.06,,1,0,credit_card,0
1269,66,one_year,69.65,8.4,0,0,bank_transfer,0
1747,30,two_year,76.28,7.7,2,0,debit,0
794,52,month-to-month,89.29,15.8,2,0,cheque,0
1097,28,one_year,78.88,6.9,0,0,bank_transfer,0
1823,58,one_year,51.41,10.5,0,0,cheque,1
1138,50,month-to-month,68.17,27.8,0,0,bank_transfer,0
1602,2,one_year,44.43,14.5,3,0,debit,1
1693,44,two_year,50.75,5.5,2,0,credit_card,1
524,22,month-to-month,109.45,12.9,1,1,bank_transfer,0
233,50,one_year,22.14,28.2,1,0,debit,0
645,46,one_year,78.53,5.7,1,0,debit,0
1527,32,two_year,95.78,20.7,1,0,bank_transfer,0
534,55,two_year,77.21,11.2,2,0,debit,0
1979,49,one_year,83.96,7.6,1,0,bank_transfer,0
604,15,month-to-month,98.6,5.4,0,0,bank_transfer,0
1241,59,month-to-month,100.26,6.6,3,0,debit,1
1075,13,one_year,67.2,4.4,1,0,credit_card,0
1321,57,month-to-month,62.97,24.6,0,0,credit_card,0
61,56,month-to-month,22.54,8.2,0,0,bank_transfer,0
1582,60,month-to-month,23.56,8.3,1,0,cheque,0
93,48,one_year,34.78,7.6,2,0,cheque,0
667,31,month-to-month,74.14,28.3,0,0,credit_card,1
281,50,month-to-month,95.0,5.4,1,0,cheque,0
1129,27,month-to-month,96.16,7.6,0,0,credit_card,1
360,49,one_year,28.05,17.6,1,0,bank_transfer,0
1670,26,month-to-month,57.35,5.4,1,0,debit,0
1583,39,one_year,56.9,1.8,1,0,bank_transfer,0
848,1,two_year,79.13,12.2,1,1,bank_transfer,1
1395,54,month-to-month,66.87,7.5,2,0,debit,0
111,20,month-to-month,46.86,10.6,1,0,cheque,0
43,9,two_year,35.52,3.3,1,1,cheque,0
126,50,month-to-month,99.49,9.6,0,0,cheque,0
205,64,one_year,94.67,3.6,1,0,credit_card,0
53,10,month-to-month,79.15,6.0,0,1,credit_card,1
546,59,month-to-month,86.35,10.6,1,0,debit,0
69,19,month-to-month,90.56,6.8,0,1,bank_transfer,1
1152,39,one_year,83.89,28.6,0,0,debit,0
1567,48,month-to-month,,5.4,0,0,bank_transfer,0
184,39,two_year,57.36,5.8,1,1,debit,1
138,5,two_year,34.22,10.4,0,1,cheque,0
900,6,month-to-month,83.75,7.6,0,0,cheque,1
797,55,two_year,78.38,11.6,0,0,debit,0
133,23,one_year,93.1,19.4,0,0,credit_card,0
81,42,month-to-month,58.46,3.8,1,0,debit,0
1502,21,one_year,100.03,5.0,0,0,debit,1
1560,6,one_year,70.96,20.0,1,0,debit,0
542,48,month-to-month,64.34,6.9,1,0,debit,0
1615,72,month-to-month,61.41,8.0,4,0,credit_card,1
984,42,month-to-month,100.88,7.9,0,1,bank_transfer,0
166,31,month-to-month,58.42,12.3,0,0,credit_card,0
249,46,month-to-month,35.81,15.2,1,0,bank_transfer,0
447,33,one_year,95.82,7.5,0,0,credit_card,0
1164,65,month-to-month,28.47,4.9,2,0,bank_transfer,0
859,51,one_year,60.87,25.5,2,0,bank_transfer,0
1227,58,month-to-month,103.38,2.2,3,0,bank_transfer,1
98,67,month-to-month,49.37,6.4,0,0,cheque,0
1999,2,one_year,38.1,10.7,0,0,credit_card,0
738,69,month-to-month,96.24,6.3,1,0,bank_transfer,0
1272,51,two_year,23.07,11.4,0,0,cheque,0
103,10,month-to-month,66.65,6.2,3,0,bank_transfer,1
435,20,month-to-month,27.03,11.9,0,0,bank_transfer,0
75,19,one_year,21.43,6.1,0,0,cheque,0
1815,32,one_year,37.21,6.7,1,0,cheque,0
1217,20,month-to-month,56.61,11.6,1,0,bank_transfer,0
919,38,one_year,72.52,14.4,1,1,cheque,0
1733,29,month-to-month,58.71,20.2,4,0,debit,1
1692,18,month-to-month,,,0,0,debit,1
1640,17,two_year,33.67,13.0,1,0,debit,0
763,47,two_year,72.7,17.5,3,0,credit_card,0
990,36,month-to-month,77.11,15.5,0,0,bank_transfer,0
389,60,month-to-month,99.84,9.5,1,0,credit_card,0
236,50,month-to-month,78.81,15.7,3,1,debit,0
1526,69,one_year,25.09,15.4,1,0,bank_transfer,1
268,50,two_year,52.99,4.6,0,1,cheque,0
1203,39,one_year,85.26,10.2,2,0,cheque,0
118,20,month-to-month,70.61,16.9,0,0,credit_card,0
1626,6,month-to-month,39.79,6.9,1,0,credit_card,0
674,19,month-to-month,96.23,37.0,0,0,cheque,0
250,33,two_year,69.6,14.7,2,1,cheque,0
1477,54,month-to-month,22.12,8.8,1,0,cheque,1
1853,33,month-to-month,,21.4,1,0,debit,1
95,10,one_year,81.2,12.8,1,0,debit,0
34,53,two_year,27.67,16.0,2,0,bank_transfer,0
1293,17,month-to-month,50.26,3.4,0,0,bank_transfer,0
1689,27,two_year,45.94,13.1,1,0,debit,0
449,17,one_year,36.09,13.0,1,0,credit_card,0
717,24,two_year,105.57,5.6,1,1,debit,0
1281,53,month-to-month,102.73,11.0,2,0,debit,0
1537,49,month-to-month,32.29,10.3,1,0,bank_transfer,1
1,57,month-to-month,84.71,16.0,1,0,credit_card,0
1393,32,one_year,68.15,19.5,1,0,cheque,0
1102,31,one_year,34.11,5.4,0,0,credit_card,0
1109,72,one_year,89.17,17.1,1,0,debit,0
1849,22,one_year,55.1,19.4,2,0,credit_card,0
83,31,one_year,92.88,10.3,0,0,bank_transfer,0
1305,25,month-to-month,49.56,6.1,2,0,cheque,0
677,67,month-to-month,50.38,31.2,2,0,debit,1
1469,32,month-to-month,50.67,20.3,1,0,cheque,0
1047,33,month-to-month,87.67,3.7,2,0,debit,0
771,71,two_year,97.99,12.3,2,0,debit,1
1231,56,month-to-month,,9.5,0,0,cheque,0
1541,25,month-to-month,96.23,11.0,1,0,debit,1
1600,7,month-to-month,43.59,6.1,2,0,cheque,1
1508,50,one_year,61.73,10.1,0,0,credit_card,0
405,35,one_year,84.45,6.2,1,0,debit,0
1750,60,month-to-month,90.76,9.9,1,0,bank_transfer,1
1315,50,month-to-month,104.09,7.9,1,0,cheque,0
1357,62,two_year,108.89,12.3,2,0,cheque,0
105,32,month-to-month,66.41,15.4,1,0,cheque,0
689,51,month-to-month,73.52,3.1,0,0,debit,0
1697,70,one_year,44.02,19.0,0,1,cheque,0
827,19,one_year,51.86,12.6,0,1,debit,0
63,39,month-to-month,55.34,10.3,0,1,credit_card,0
853,42,month-to-month,101.66,6.2,1,0,debit,1
1659,54,month-to-month,106.83,15.4,1,0,bank_transfer,0
224,70,month-to-month,,24.4,0,1,debit,0
146,48,one_year,100.12,5.0,2,0,cheque,0
1089,35,month-to-month,55.81,8.6,3,0,debit,1
374,20,month-to-month,42.0,6.5,0,0,credit_card,0
2000,12,month-to-month,59.32,8.4,3,0,cheque,1
1143,66,month-to-month,108.01,14.9,1,0,cheque,0
1850,1,month-to-month,64.07,20.4,1,1,cheque,1
1877,17,month-to-month,51.66,18.3,0,0,bank_transfer,0
1621,25,one_year,38.52,28.6,1,0,cheque,1
1287,57,month-to-month,23.18,4.7,2,0,debit,0
10,4,month-to-month,77.08,17.1,2,0,cheque,1
450,35,month-to-month,52.99,5.5,1,0,credit_card,0
709,20,month-to-month,47.3,22.5,0,0,cheque,0
256,31,month-to-month,51.34,16.6,2,0,debit,1
883,23,two_year,27.77,14.2,0,0,cheque,0
390,22,month-to-month,96.94,4.6,0,0,bank_transfer,0
909,59,one_year,57.51,30.4,2,0,bank_transfer,0
925,24,one_year,45.5,15.7,0,1,credit_card,0
1647,26,one_year,98.06,4.0,0,0,credit_card,1
1248,66,month-to-month,63.15,9.7,3,0,credit_card,0
461,19,one_year,101.14,15.9,4,0,debit,1
1286,67,month-to-month,22.14,18.2,2,0,debit,0
1722,32,one_year,94.75,3.9,1,1,bank_transfer,1
1169,48,two_year,97.6,8.7,2,0,bank_transfer,0
959,60,month-to-month,34.05,2.5,2,1,cheque,0
502,34,one_year,84.6,10.9,0,0,debit,0
740,40,month-to-month,39.68,20.0,2,0,cheque,0
1874,72,two_year,,13.5,1,0,credit_card,0
869,34,two_year,105.35,14.5,2,0,cheque,0
732,47,month-to-month,50.8,16.6,2,0,cheque,1
540,3,month-to-month,,11.4,1,1,debit,1
1202,29,two_year,91.04,10.9,1,0,bank_transfer,0
698,1,one_year,21.71,13.2,2,0,bank_transfer,1
1568,64,one_year,53.32,13.3,1,0,bank_transfer,0
1394,41,one_year,41.01,8.6,1,0,debit,1
1146,15,month-to-month,84.8,12.1,2,0,debit,0
1032,39,two_year,42.41,2.5,2,0,debit,1
373,25,two_year,95.26,17.9,1,0,debit,0
668,12,month-to-month,29.87,15.6,1,0,bank_transfer,0
1545,72,month-to-month,40.3,12.7,2,0,debit,0
358,25,one_year,55.51,36.7,1,0,bank_transfer,0
968,16,two_year,22.18,6.2,2,0,bank_transfer,1
784,71,month-to-month,85.27,3.3,2,0,debit,0
736,71,one_year,33.14,15.1,4,1,bank_transfer,1
1036,45,two_year,71.7,23.7,2,0,credit_card,1
971,26,two_year,44.18,13.1,2,0,credit_card,1
1544,38,month-to-month,26.43,29.5,2,0,cheque,0
1506,64,month-to-month,103.27,7.8,2,0,debit,0
1543,23,one_year,34.41,12.6,1,0,credit_card,0
1367,21,month-to-month,65.16,,0,0,credit_card,0
1510,29,two_year,39.45,4.4,1,0,credit_card,0
1748,63,month-to-month,55.01,25.6,0,0,bank_transfer,0
1253,50,month-to-month,87.34,11.5,1,0,credit_card,0
1939,25,two_year,97.66,9.4,3,0,cheque,1
1737,5,month-to-month,40.79,17.6,0,0,credit_card,1
1237,54,one_year,33.81,17.9,0,0,cheque,0
886,35,month-to-month,57.32,14.9,0,0,cheque,0
80,8,one_year,43.25,21.0,2,0,cheque,1
1173,55,one_year,89.2,8.1,2,0,bank_transfer,1
815,22,two_year,66.94,13.3,1,1,credit_card,0
1302,55,month-to-month,73.34,7.5,1,0,bank_transfer,0
672,34,one_year,31.4,26.9,1,0,cheque,0
1551,39,one_year,73.53,4.6,0,0,credit_card,0
58,6,one_year,34.6,5.0,2,0,cheque,1
134,64,one_year,71.95,5.4,1,1,cheque,0
1141,39,one_year,39.16,4.4,2,0,credit_card,0
934,45,month-to-month,32.82,15.3,0,0,debit,0
1983,40,two_year,87.18,2.8,3,0,cheque,1
824,55,month-to-month,80.53,9.7,1,0,cheque,1
1215,50,month-to-month,95.18,13.8,3,0,bank_transfer,0
505,59,month-to-month,99.09,21.0,0,1,credit_card,1
1798,29,one_year,76.93,7.8,0,1,bank_transfer,0
348,38,month-to-month,,25.8,2,0,credit_card,1
387,41,month-to-month,109.26,18.7,2,0,debit,1
1025,68,month-to-month,21.49,27.2,2,0,bank_transfer,0
895,35,two_year,63.28,10.8,1,0,cheque,0
829,62,two_year,97.3,5.2,1,0,bank_transfer,0
1918,30,month-to-month,72.15,,1,0,credit_card,1
476,24,one_year,100.83,14.0,1,0,debit,0
1490,48,one_year,82.18,5.3,1,0,cheque,0
1465,13,month-to-month,53.4,20.4,1,0,cheque,1
1935,71,one_year,93.58,2.9,1,0,credit_card,0
653,31,month-to-month,36.13,15.6,0,0,credit_card,0
173,64,two_year,107.24,13.8,0,0,cheque,0
1150,3,month-to-month,101.91,12.0,0,1,debit,1
39,35,two_year,69.84,12.2,0,0,cheque,0
714,48,two_year,46.98,9.7,0,0,cheque,0
91,4,one_year,104.62,12.5,1,0,credit_card,1
1962,64,month-to-month,88.01,11.0,2,1,credit_card,0
1206,44,month-to-month,,3.6,1,1,cheque,0
876,39,month-to-month,43.08,14.6,2,0,debit,0
1891,19,two_year,102.03,10.0,1,0,bank_transfer,0
1915,63,month-to-month,70.97,19.3,4,0,credit_card,0
1094,4,one_year,28.12,13.0,1,0,cheque,0
1156,14,one_year,,9.3,2,0,debit,1
1381,26,two_year,,18.6,1,0,bank_transfer,0
1984,38,two_year,43.93,23.9,1,1,debit,0
500,63,month-to-month,73.26,10.3,0,0,bank_transfer,0
339,35,one_year,100.82,4.6,0,0,cheque,0
1189,40,two_year,51.81,11.3,1,1,debit,0
29,53,two_year,22.86,7.8,1,1,credit_card,0
1218,19,two_year,31.11,9.6,0,0,debit,0
1342,69,one_year,106.4,21.2,4,1,debit,0
1844,63,month-to-month,79.02,18.0,0,0,debit,0
946,49,month-to-month,49.98,11.6,2,0,cheque,1
170,65,one_year,40.93,6.0,1,0,bank_transfer,0
1422,10,month-to-month,70.12,23.3,0,0,debit,1
1198,68,two_year,80.13,6.7,1,0,credit_card,0
1254,68,two_year,67.89,3.8,0,1,cheque,0
1643,13,month-to-month,108.12,8.6,0,0,bank_transfer,1
913,56,one_year,82.78,6.5,4,0,bank_transfer,0
492,6,one_year,69.78,5.2,0,1,bank_transfer,0
954,11,month-to-month,95.65,17.5,2,0,bank_transfer,1
1098,70,one_year,26.94,22.5,0,0,debit,0
1033,56,one_year,,12.2,1,0,credit_card,0
588,3,month-to-month,92.64,22.6,2,0,cheque,1
751,17,month-to-month,54.17,12.1,1,0,bank_transfer,1
658,50,month-to-month,38.08,13.3,4,0,bank_transfer,0
235,5,month-to-month,100.05,6.2,1,0,credit_card,1
733,23,month-to-month,63.68,9.2,1,0,debit,0
585,69,one_year,56.47,8.3,1,0,debit,0
1652,56,month-to-month,107.22,21.6,1,0,cheque,0
1157,21,month-to-month,64.59,6.3,3,0,debit,1
1489,17,month-to-month,77.59,12.6,1,0,credit_card,0
1442,34,month-to-month,25.51,18.6,2,0,bank_transfer,0
1647,26,one_year,98.06,4.0,0,0,credit_card,1
935,14,month-to-month,94.64,14.8,0,0,credit_card,1
1210,14,one_year,75.16,7.7,1,0,bank_transfer,1
1066,26,one_year,93.19,20.6,1,0,credit_card,0
109,66,one_year,94.41,11.3,2,1,bank_transfer,0
1562,64,two_year,30.88,17.1,2,0,credit_card,0
569,49,one_year,90.44,42.8,1,1,cheque,0
1168,60,month-to-month,30.14,19.7,0,0,cheque,0
1175,37,month-to-month,43.42,15.9,0,0,bank_transfer,0
891,33,month-to-month,27.95,27.1,3,0,bank_transfer,1
948,59,month-to-month,84.92,19.1,2,0,bank_transfer,0
1049,62,one_year,95.15,24.0,1,0,bank_transfer,0
1369,49,month-to-month,68.6,4.2,0,0,debit,0
1628,61,two_year,86.18,3.9,2,0,credit_card,0
1464,1,month-to-month,93.18,10.9,0,0,bank_transfer,1
885,31,one_year,84.75,13.9,1,0,bank_transfer,0
1694,42,month-to-month,49.48,6.5,0,0,cheque,0
851,41,two_year,43.91,1.3,1,0,bank_transfer,0
735,37,month-to-month,78.52,16.8,2,0,cheque,1
718,22,month-to-month,34.68,8.7,1,0,debit,1
455,13,month-to-month,92.5,12.6,2,1,bank_transfer,1
265,61,month-to-month,77.78,4.2,3,0,bank_transfer,0
76,46,one_year,97.41,14.5,3,1,credit_card,0
1678,51,two_year,38.95,8.6,3,0,cheque,0
445,22,one_year,59.07,19.7,0,0,bank_transfer,0
396,50,month-to-month,53.35,37.1,2,1,debit,0
177,19,month-to-month,33.83,11.8,1,0,bank_transfer,1
1043,64,two_year,103.46,12.3,1,1,credit_card,0
1829,20,one_year,47.85,5.2,1,1,debit,0
1419,65,month-to-month,36.9,9.3,0,0,cheque,0
1554,6,month-to-month,41.53,25.4,4,0,bank_transfer,1
1777,20,one_year,31.9,4.7,2,1,debit,0
596,27,month-to-month,,12.1,1,0,credit_card,0
62,14,month-to-month,25.0,13.6,1,0,credit_card,0
1297,50,one_year,64.46,17.3,1,0,credit_card,0
873,57,month-to-month,95.44,35.5,0,1,credit_card,1
1967,41,two_year,36.32,37.6,0,0,bank_transfer,0
1904,35,month-to-month,54.83,14.3,1,0,cheque,1
279,15,month-to-month,103.14,12.7,5,0,credit_card,1
37,8,month-to-month,50.92,19.4,3,0,credit_card,1
1711,52,one_year,51.52,10.6,0,0,credit_card,0
663,10,one_year,90.97,8.7,0,0,bank_transfer,0
1830,47,month-to-month,27.91,4.1,0,0,bank_transfer,0
1462,61,month-to-month,53.53,15.2,2,0,credit_card,0
978,35,month-to-month,85.21,6.5,3,0,cheque,0
1972,62,month-to-month,99.16,8.0,2,1,debit,0
739,10,month-to-month,42.49,8.8,2,0,credit_card,0
192,67,one_year,99.74,11.9,0,0,credit_card,0
920,37,month-to-month,,9.7,1,0,debit,1
457,44,one_year,59.52,6.4,0,0,debit,1
676,35,month-to-month,98.43,6.1,1,0,debit,1
761,35,one_year,63.0,1.6,1,0,cheque,0
1831,69,month-to-month,50.26,16.2,2,0,debit,1
1622,67,one_year,82.46,8.4,0,0,bank_transfer,0
729,36,month-to-month,34.52,7.0,2,0,credit_card,0
413,10,month-to-month,28.23,11.3,1,0,bank_transfer,0
1099,40,two_year,20.7,8.2,2,0,credit_card,0
826,25,one_year,103.95,5.5,0,0,debit,1
1861,53,month-to-month,28.29,13.4,0,0,bank_transfer,0
617,25,one_year,52.07,18.1,0,0,bank_transfer,0
115,51,two_year,67.13,11.6,0,0,credit_card,0
418,41,month-to-month,101.42,3.7,1,0,cheque,0
1936,26,month-to-month,87.67,4.6,2,0,cheque,1
970,69,month-to-month,35.32,8.5,0,0,cheque,0
605,51,two_year,84.7,5.6,1,0,bank_transfer,0
1944,53,two_year,28.45,27.1,2,0,cheque,0
90,4,two_year,91.95,13.0,1,0,debit,1
849,12,month-to-month,48.24,20.1,0,0,cheque,0
1539,20,month-to-month,41.53,7.8,2,0,debit,1
1943,6,two_year,85.78,2.3,2,0,bank_transfer,0
754,61,month-to-month,61.64,8.4,0,0,debit,0
499,32,one_year,51.67,11.2,3,1,cheque,1
1277,71,two_year,25.99,1.4,1,0,cheque,0
1326,39,two_year,71.51,7.1,0,0,debit,0
12,11,month-to-month,23.74,7.6,0,1,bank_transfer,1
397,31,month-to-month,40.92,2.8,0,0,credit_card,0
285,1,month-to-month,35.11,9.7,2,0,debit,1
1067,68,month-to-month,20.94,25.7,1,0,cheque,0
1192,72,month-to-month,33.14,8.4,1,0,credit_card,0
1767,45,month-to-month,76.59,4.8,0,0,credit_card,1
691,12,month-to-month,63.22,4.8,0,0,credit_card,0
1651,72,one_year,108.32,21.9,0,0,debit,0
1901,46,month-to-month,61.97,17.9,0,1,cheque,1
690,49,two_year,62.42,15.7,0,1,debit,0
852,65,month-to-month,53.24,9.3,2,0,cheque,0
160,39,two_year,107.69,8.8,0,0,credit_card,0
896,31,two_year,95.35,20.9,3,0,cheque,0
1595,54,month-to-month,72.83,25.0,1,0,bank_transfer,0
258,65,month-to-month,49.32,11.2,1,0,cheque,0
336,72,one_year,97.42,19.0,1,0,debit,0
1905,3,month-to-month,103.42,3.7,0,0,cheque,1
1040,32,month-to-month,24.61,9.2,0,0,bank_transfer,0
516,35,two_year,105.56,19.9,2,1,credit_card,1
1349,13,month-to-month,60.83,1.6,0,0,credit_card,0
1016,13,one_year,61.57,17.2,0,1,cheque,0
769,27,one_year,88.44,18.7,1,0,debit,0
1790,26,month-to-month,100.0,13.9,1,0,bank_transfer,1
762,47,month-to-month,54.39,13.4,0,1,credit_card,0
1247,3,month-to-month,,13.3,2,0,cheque,1
1204,68,two_year,47.4,13.9,1,0,cheque,0
1487,60,two_year,87.1,9.9,1,1,credit_card,0
66,72,month-to-month,29.61,16.7,3,0,debit,0
522,3,one_year,79.34,16.8,3,1,debit,0
23,23,month-to-month,62.33,10.8,1,0,bank_transfer,1
357,66,month-to-month,95.86,9.7,0,0,cheque,0
1278,38,month-to-month,68.02,2.5,3,1,credit_card,0
1313,66,month-to-month,95.48,23.1,0,0,bank_transfer,0
1704,7,one_year,109.9,22.1,2,0,bank_transfer,1
341,22,one_year,109.77,,2,0,cheque,1
432,68,two_year,53.38,10.4,1,0,cheque,0
474,38,one_year,42.88,12.5,1,1,credit_card,1
218,6,two_year,107.02,11.6,3,1,cheque,1
912,31,month-to-month,64.25,8.5,0,0,cheque,1
1228,27,one_year,84.17,,2,0,debit,0
1616,37,one_year,49.73,8.9,0,0,cheque,0
1012,71,one_year,82.63,16.7,0,0,cheque,0
1975,44,month-to-month,89.07,11.9,1,0,bank_transfer,0
94,64,month-to-month,43.48,6.7,3,0,cheque,0
1009,46,month-to-month,97.68,8.0,1,0,cheque,1
1071,66,month-to-month,25.73,5.0,2,0,debit,0
1093,47,month-to-month,92.69,23.2,0,0,cheque,0
1605,55,month-to-month,47.93,3.2,1,0,credit_card,1
1309,54,one_year,106.68,17.0,2,0,cheque,0
697,4,month-to-month,106.6,20.7,1,0,credit_card,0
1816,39,month-to-month,107.91,10.1,1,0,bank_transfer,0
997,49,two_year,81.39,14.8,1,1,debit,1
1459,23,one_year,72.3,26.0,1,1,debit,0
154,43,month-to-month,74.64,10.5,0,0,cheque,1
1100,68,month-to-month,62.5,16.7,3,1,bank_transfer,1
1740,41,two_year,21.63,4.6,2,1,debit,0
1982,58,month-to-month,58.44,10.7,2,0,credit_card,1
790,11,month-to-month,68.37,13.4,4,0,bank_transfer,1
581,26,month-to-month,109.15,11.1,3,0,cheque,1
1471,9,month-to-month,62.78,15.0,3,0,bank_transfer,1
704,59,two_year,97.99,22.5,1,0,credit_card,1
1213,54,month-to-month,61.37,0.3,1,0,cheque,0
1296,9,one_year,94.75,11.2,5,0,bank_transfer,1
1687,13,two_year,103.92,3.9,1,0,debit,1
1261,56,month-to-month,105.49,15.1,2,0,credit_card,0
488,65,one_year,66.99,16.1,1,0,cheque,0
560,38,one_year,44.56,7.9,2,0,bank_transfer,0
1142,66,month-to-month,36.17,,0,0,debit,0
1120,61,one_year,51.24,3.6,0,1,cheque,0
802,41,two_year,64.38,10.9,1,0,debit,0
513,24,two_year,75.24,19.0,1,1,debit,0
634,45,month-to-month,24.24,7.9,3,0,bank_transfer,1
1498,59,month-to-month,25.31,8.5,0,0,debit,0
1811,50,month-to-month,93.65,6.0,1,0,credit_card,0
1565,24,one_year,108.26,19.3,1,0,bank_transfer,0
1151,15,month-to-month,84.97,8.0,2,1,credit_card,1
791,66,two_year,78.85,20.1,1,0,bank_transfer,0
117,60,one_year,97.36,18.8,1,0,debit,0
741,27,one_year,,1.5,1,0,debit,0
1712,55,one_year,51.26,7.7,1,0,bank_transfer,0
1082,42,month-to-month,47.97,13.1,2,0,debit,0
831,52,month-to-month,106.96,,3,0,cheque,1
120,16,one_year,84.89,3.8,0,0,debit,0
657,35,one_year,25.66,14.8,1,0,bank_transfer,0
1933,15,month-to-month,62.84,6.7,1,0,credit_card,1
636,37,month-to-month,61.52,6.8,1,0,credit_card,1
370,17,one_year,50.71,23.9,4,0,credit_card,1
269,35,one_year,65.73,12.9,1,0,bank_transfer,0
656,55,month-to-month,84.17,29.5,2,0,debit,1
936,56,one_year,87.83,18.3,1,0,debit,0
823,19,month-to-month,71.12,5.5,1,0,cheque,1
867,1,month-to-month,31.53,10.1,2,0,debit,1
47,35,month-to-month,82.76,15.9,2,0,credit_card,0
1374,8,two_year,22.82,4.6,1,0,debit,0
1730,13,month-to-month,59.78,20.4,2,0,bank_transfer,1
992,21,month-to-month,65.54,6.0,2,0,debit,1
877,8,two_year,,4.0,2,0,debit,1
774,57,one_year,103.58,12.9,0,0,credit_card,0
1220,53,one_year,75.78,7.8,1,1,bank_transfer,0
1923,31,two_year,63.08,17.6,0,0,debit,0
5,4,two_year,79.99,9.7,1,0,debit,0
1004,49,one_year,50.61,40.5,1,0,bank_transfer,0
1746,23,month-to-month,,8.5,1,0,credit_card,0
264,10,two_year,76.59,20.0,2,0,cheque,1
1589,57,month-to-month,30.07,2.8,1,0,credit_card,1
1854,39,one_year,31.62,14.4,3,1,debit,0
444,54,two_year,106.73,1.7,1,0,cheque,1
1003,18,month-to-month,34.04,6.4,2,0,credit_card,1
1078,52,month-to-month,22.01,18.2,0,0,bank_transfer,0
838,16,month-to-month,45.33,12.5,2,0,credit_card,0
1814,20,two_year,,6.3,0,0,cheque,0
305,52,two_year,38.77,11.6,2,0,bank_transfer,0
1366,45,one_year,63.9,15.5,2,0,cheque,0
1577,9,month-to-month,61.44,13.7,1,0,bank_transfer,0
314,59,month-to-month,97.67,8.4,2,1,credit_card,1
150,23,one_year,52.65,16.8,2,0,cheque,0
1149,31,two_year,98.1,8.7,1,0,credit_card,0
1214,13,month-to-month,61.71,12.3,1,0,cheque,1
575,37,two_year,44.12,5.7,1,0,cheque,1
51,42,one_year,99.92,19.9,0,1,bank_transfer,0
1572,29,month-to-month,75.71,7.6,0,1,credit_card,1
727,50,month-to-month,20.05,25.9,1,0,cheque,0
834,12,month-to-month,77.12,23.8,3,1,cheque,1
1378,9,month-to-month,69.58,23.6,1,0,debit,1
1116,7,month-to-month,69.31,19.8,3,1,credit_card,1
1167,72,month-to-month,107.05,13.9,1,1,bank_transfer,0
471,23,month-to-month,35.14,5.4,1,0,debit,0
972,62,one_year,,10.5,0,0,debit,0
654,14,one_year,102.07,13.2,0,0,cheque,0
400,19,month-to-month,33.38,3.9,2,0,debit,0
512,5,month-to-month,107.24,,1,0,credit_card,1
321,12,one_year,109.57,7.8,2,1,debit,0
20,40,month-to-month,99.83,19.2,3,0,debit,0
685,32,one_year,106.22,7.7,1,0,cheque,1
36,39,month-to-month,23.44,2.6,0,0,debit,0
903,63,one_year,27.97,11.6,0,1,cheque,0
1802,51,month-to-month,103.08,18.4,1,1,bank_transfer,1
828,53,month-to-month,56.9,2.1,2,0,cheque,1
1820,33,month-to-month,67.99,18.1,0,0,bank_transfer,1
408,15,two_year,41.71,4.4,3,0,debit,0
921,58,one_year,39.97,7.1,2,0,bank_transfer,0
538,46,month-to-month,42.81,6.8,0,0,credit_card,0
759,38,two_year,43.08,10.6,0,0,cheque,0
1930,51,month-to-month,91.25,3.7,4,1,credit_card,1
1063,22,month-to-month,39.03,9.4,0,0,cheque,0
1200,38,month-to-month,46.08,9.6,0,0,bank_transfer,0
246,49,one_year,64.84,6.7,1,0,credit_card,0
1417,10,one_year,42.79,13.5,1,1,cheque,0
1128,27,one_year,52.46,12.4,1,0,bank_transfer,1
785,24,two_year,87.93,7.9,0,0,cheque,0
1765,64,month-to-month,102.21,18.9,3,0,bank_transfer,0
490,35,one_year,76.45,20.7,2,0,bank_transfer,0
155,50,month-to-month,59.82,16.3,0,0,credit_card,0
962,39,one_year,96.02,5.7,0,0,cheque,0
854,67,two_year,22.26,6.5,2,0,cheque,0
1312,7,one_year,100.1,11.8,5,0,credit_card,1
626,23,one_year,57.74,7.9,0,0,credit_card,1
686,25,one_year,70.38,14.0,1,0,debit,0
1581,43,month-to-month,94.4,9.1,1,0,credit_card,0
570,67,one_year,,21.0,4,0,credit_card,1
1934,11,one_year,106.36,12.9,1,0,credit_card,1
18,11,one_year,47.25,10.5,3,0,debit,0
128,23,one_year,73.66,10.8,1,0,bank_transfer,0
1347,33,month-to-month,74.87,6.1,0,0,credit_card,0
1280,32,month-to-month,52.04,7.4,1,1,debit,1
1994,37,month-to-month,83.11,1.2,2,0,bank_transfer,1
928,28,one_year,41.99,14.0,1,0,cheque,0
981,39,month-to-month,83.87,12.0,2,0,bank_transfer,1
1990,1,two_year,49.85,4.3,0,0,cheque,0
191,42,two_year,93.61,19.0,0,1,credit_card,0
1140,31,two_year,78.83,2.8,2,0,bank_transfer,0
993,33,month-to-month,41.3,1.4,1,1,credit_card,1
1981,12,one_year,64.21,13.7,0,0,cheque,0
1677,64,month-to-month,62.86,,2,0,bank_transfer,1
607,18,one_year,102.53,9.1,0,0,bank_transfer,0
181,20,one_year,34.44,8.0,1,0,cheque,0
302,9,one_year,23.07,28.1,0,0,debit,0
497,1,one_year,70.97,15.1,2,1,credit_card,1
1717,72,month-to-month,33.75,15.3,0,1,credit_card,0
1731,14,one_year,86.9,19.8,1,0,cheque,1
1682,9,one_year,76.46,3.7,3,0,debit,1
1658,43,month-to-month,65.5,5.6,1,0,credit_card,0
518,12,one_year,100.98,17.2,0,0,bank_transfer,0
1324,15,month-to-month,51.99,12.1,1,0,cheque,0
1070,60,month-to-month,67.47,18.4,1,0,bank_transfer,0
477,54,one_year,71.12,16.3,2,0,debit,1
158,26,month-to-month,31.06,8.8,3,0,cheque,1
1244,13,month-to-month,103.9,4.0,1,0,bank_transfer,1
1196,27,one_year,27.62,19.8,0,0,cheque,1
17,9,month-to-month,20.22,9.0,2,0,cheque,1
1536,7,one_year,69.04,10.1,1,0,debit,1
1073,34,one_year,92.97,11.8,2,0,debit,0
1997,26,month-to-month,67.07,22.9,1,0,bank_transfer,1
547,57,month-to-month,98.98,19.6,1,1,cheque,0
1540,18,two_year,62.53,34.8,0,0,credit_card,1
659,57,month-to-month,48.79,3.0,1,0,cheque,0
1645,56,one_year,65.91,5.5,0,0,bank_transfer,0
1020,54,one_year,76.48,10.2,1,0,credit_card,0
1683,3,month-to-month,68.32,13.5,0,0,bank_transfer,1
1505,64,one_year,106.5,21.3,1,0,credit_card,0
960,58,one_year,28.8,1.5,2,0,bank_transfer,0
1907,3,one_year,97.19,23.1,0,0,debit,1
284,45,month-to-month,26.94,10.3,2,0,credit_card,0
798,64,month-to-month,83.05,5.1,1,1,credit_card,0
1646,14,month-to-month,85.16,17.5,5,0,debit,1
226,22,one_year,30.87,13.5,3,0,cheque,1
27,58,month-to-month,84.26,6.0,1,0,debit,0
1794,15,one_year,51.8,16.2,4,0,cheque,1
438,53,one_year,93.48,8.4,1,0,bank_transfer,0
1974,40,month-to-month,32.07,17.5,2,0,credit_card,1
1389,25,two_year,75.08,14.5,2,0,credit_card,0
230,1,two_year,107.42,12.3,1,0,debit,0
38,46,one_year,94.05,3.8,0,0,credit_card,0
750,21,month-to-month,41.99,9.6,2,0,debit,1
1046,5,month-to-month,23.88,6.4,1,0,debit,1
1399,57,two_year,56.54,3.8,2,0,bank_transfer,0
470,64,one_year,52.63,12.3,2,0,debit,0
1714,54,month-to-month,75.6,2.4,0,0,cheque,0
1993,55,month-to-month,53.92,26.3,1,0,debit,0
688,1,month-to-month,98.01,21.1,1,0,bank_transfer,0
1867,2,month-to-month,102.78,13.3,1,1,cheque,1
640,39,one_year,68.33,7.6,3,0,bank_transfer,1
1742,68,month-to-month,64.35,8.4,2,0,cheque,0
1219,10,two_year,82.5,13.5,1,0,debit,0
1159,56,one_year,89.85,8.0,3,0,cheque,0
1416,18,month-to-month,66.27,11.6,2,0,cheque,1
1528,60,two_year,83.08,14.9,1,0,bank_transfer,0
1684,35,month-to-month,64.57,12.4,2,0,debit,0
1301,58,month-to-month,56.28,6.9,2,0,credit_card,0
1931,29,month-to-month,70.45,,0,0,credit_card,0
801,62,month-to-month,42.36,7.2,0,0,credit_card,0
1604,3,month-to-month,46.48,10.7,2,0,credit_card,1
161,22,month-to-month,82.98,14.6,1,0,bank_transfer,1
957,52,one_year,,22.5,0,1,debit,0
1187,27,two_year,95.56,25.1,0,0,debit,0
822,4,one_year,51.57,10.7,1,0,credit_card,0
1703,51,month-to-month,75.8,3.3,1,0,bank_transfer,0
878,56,one_year,96.7,11.4,1,0,bank_transfer,0
914,11,month-to-month,63.09,9.7,1,0,debit,0
153,48,two_year,60.96,14.0,0,0,cheque,0
1860,68,one_year,36.23,16.6,1,0,debit,0
1800,58,two_year,25.46,7.2,3,0,credit_card,0
510,4,one_year,72.38,10.8,2,0,credit_card,1
1136,40,one_year,42.14,19.4,1,0,bank_transfer,0
1251,65,month-to-month,47.51,5.1,4,0,cheque,0
1685,32,month-to-month,55.03,7.7,1,1,bank_transfer,1
104,3,two_year,74.81,13.2,1,0,cheque,1
1446,31,two_year,83.81,8.7,2,1,bank_transfer,0
1444,15,one_year,33.96,16.8,0,0,bank_transfer,0
1761,46,month-to-month,24.35,6.8,1,0,cheque,0
587,56,month-to-month,80.18,11.5,1,0,credit_card,0
1792,55,month-to-month,88.4,12.1,3,0,credit_card,0
1144,17,month-to-month,30.23,8.9,1,0,bank_transfer,0
54,63,month-to-month,102.19,15.7,1,0,bank_transfer,1
152,66,one_year,89.6,,0,0,debit,0
404,16,month-to-month,72.27,,1,0,debit,1
1968,10,two_year,87.78,6.4,1,0,bank_transfer,0
208,43,month-to-month,68.8,7.5,4,0,cheque,0
1920,69,month-to-month,91.93,8.5,2,0,debit,1
1123,49,month-to-month,27.58,16.2,0,0,bank_transfer,0
1909,22,month-to-month,76.4,16.5,4,0,credit_card,1
9,58,one_year,54.47,7.2,1,0,cheque,0
1015,70,one_year,47.18,29.7,1,0,cheque,0
1819,34,month-to-month,66.78,6.9,0,0,debit,0
1061,23,month-to-month,38.77,9.6,1,1,credit_card,1
453,28,two_year,86.31,,0,0,bank_transfer,0
1676,23,one_year,21.12,17.6,1,0,credit_card,0
254,44,one_year,78.14,2.7,3,0,cheque,0
1328,32,two_year,83.14,,0,0,credit_card,0
897,52,month-to-month,44.27,10.9,1,0,cheque,0
1756,32,two_year,60.55,0.8,0,0,debit,0
881,71,month-to-month,30.92,8.9,1,0,cheque,0
1596,69,two_year,53.06,24.1,2,0,bank_transfer,0
1914,30,month-to-month,44.72,9.7,0,0,debit,0
624,54,one_year,35.55,29.1,0,0,cheque,0
346,25,month-to-month,50.43,7.0,1,0,credit_card,0
1724,49,month-to-month,103.04,6.8,2,0,debit,0
263,24,month-to-month,47.36,14.9,0,0,credit_card,0
1635,39,one_year,79.22,12.0,2,0,debit,1
1322,72,one_year,,8.1,3,0,cheque,0
1439,57,month-to-month,85.96,8.1,2,0,cheque,1
151,72,month-to-month,,3.1,0,0,cheque,0
473,58,month-to-month,100.52,10.0,1,0,cheque,0
641,61,month-to-month,89.17,16.6,2,0,cheque,0
1732,23,month-to-month,102.68,8.5,0,1,debit,0
1908,17,month-to-month,101.39,13.5,3,1,bank_transfer,0
551,42,one_year,64.91,10.3,0,0,credit_card,0
1803,30,month-to-month,72.46,15.1,2,0,debit,1
929,46,month-to-month,88.68,2.8,1,0,debit,0
489,53,two_year,27.96,3.6,1,0,debit,0
1835,4,month-to-month,26.32,15.9,1,0,debit,1
1172,12,month-to-month,77.06,6.6,2,1,debit,1
147,23,month-to-month,52.55,8.9,2,0,cheque,1
1913,27,two_year,20.91,20.9,0,1,bank_transfer,0
1954,47,two_year,90.18,22.9,2,0,cheque,0
403,47,month-to-month,80.72,12.0,1,0,cheque,0
955,22,month-to-month,56.56,6.5,0,0,debit,0
1903,49,month-to-month,,15.1,3,1,debit,1
660,66,two_year,90.37,22.0,1,0,cheque,0
1373,7,month-to-month,79.89,38.2,2,0,bank_transfer,1
464,54,two_year,80.37,11.2,3,0,bank_transfer,0
1350,22,one_year,101.99,9.8,0,0,bank_transfer,1
187,39,two_year,92.51,5.8,2,0,credit_card,0
1148,51,one_year,50.58,5.5,1,0,cheque,0
1225,14,month-to-month,47.69,23.2,3,0,debit,1
609,20,two_year,28.62,3.5,3,1,cheque,1
144,41,two_year,27.72,13.3,2,0,credit_card,0
752,36,one_year,79.48,22.6,3,0,debit,1
1535,55,month-to-month,55.17,10.3,0,0,bank_transfer,0
982,22,one_year,74.58,5.7,1,1,cheque,0
198,45,one_year,41.75,14.9,2,0,cheque,0
1634,22,month-to-month,74.26,8.8,0,0,credit_card,0
884,25,one_year,76.8,3.9,1,0,debit,0
280,59,month-to-month,,12.8,2,0,cheque,0
294,46,month-to-month,101.12,8.9,2,0,credit_card,1
1847,56,month-to-month,57.61,14.7,1,0,bank_transfer,0
401,18,one_year,52.36,10.2,1,0,cheque,0
123,45,month-to-month,32.55,6.8,1,0,credit_card,0
1208,28,month-to-month,28.13,14.2,1,0,debit,0
203,44,month-to-month,100.07,13.7,0,0,cheque,0
1463,56,one_year,37.63,5.0,1,0,debit,0
836,60,two_year,31.49,2.2,2,0,bank_transfer,0
247,55,month-to-month,100.01,2.7,1,0,credit_card,0
1440,38,one_year,66.0,2.5,1,0,bank_transfer,0
1734,8,two_year,43.73,3.3,3,1,debit,1
1776,29,two_year,95.24,9.3,2,0,debit,1
1927,60,one_year,93.79,10.1,1,0,cheque,0
1708,72,one_year,39.66,11.7,2,0,cheque,0
1906,62,month-to-month,,13.2,0,0,debit,0
1154,48,month-to-month,27.01,14.7,1,0,credit_card,0
1662,9,two_year,91.36,16.7,0,0,cheque,0
1427,52,one_year,91.54,11.5,1,0,debit,0
385,3,month-to-month,89.22,3.5,0,0,credit_card,1
1781,37,one_year,41.79,,1,0,debit,0
855,53,one_year,44.55,6.9,1,0,debit,0
1590,55,month-to-month,36.78,22.4,0,1,credit_card,0
220,72,month-to-month,85.18,6.3,2,0,bank_transfer,0
642,30,month-to-month,99.45,5.4,1,1,debit,1
2,47,one_year,,14.0,0,1,cheque,0
113,29,two_year,78.51,11.2,2,1,credit_card,0
699,61,one_year,66.42,10.0,0,0,cheque,0
1941,31,month-to-month,,39.9,1,0,credit_card,0
952,44,two_year,40.61,13.1,3,0,cheque,1
1649,50,month-to-month,38.18,7.4,3,0,credit_card,0
1637,21,two_year,85.05,11.3,1,0,cheque,0
1771,49,one_year,85.84,9.6,1,0,debit,0
1411,60,month-to-month,65.83,5.3,1,0,debit,0
1410,49,month-to-month,45.44,15.3,2,0,credit_card,0
1534,18,one_year,88.02,5.0,2,0,credit_card,1
1292,63,one_year,81.92,9.0,1,0,bank_transfer,0
1832,41,one_year,80.39,20.9,0,1,cheque,0
442,72,one_year,39.18,13.5,0,0,debit,0
1521,49,month-to-month,92.1,8.7,0,0,cheque,0
1137,35,month-to-month,,3.3,2,0,cheque,1
1716,41,month-to-month,64.66,10.1,1,1,credit_card,0
1257,45,month-to-month,57.79,7.5,1,0,credit_card,1
1888,65,one_year,29.45,3.9,2,0,credit_card,0
1632,7,one_year,100.05,6.7,3,1,credit_card,0
1696,8,one_year,67.15,18.8,1,0,bank_transfer,1
1398,58,two_year,,4.2,2,0,bank_transfer,0
664,68,month-to-month,109.3,3.2,1,0,bank_transfer,0
1859,48,month-to-month,51.04,14.9,1,0,credit_card,0
1258,64,month-to-month,62.76,3.2,2,0,credit_card,0
1878,23,one_year,72.27,16.5,0,0,debit,1
1701,31,month-to-month,65.79,15.3,1,0,cheque,1
318,44,two_year,72.73,2.8,1,1,credit_card,1
649,58,two_year,74.64,6.7,0,0,cheque,0
1435,25,month-to-month,103.13,15.9,0,0,debit,0
1480,52,month-to-month,45.03,6.2,1,0,bank_transfer,1
710,54,one_year,92.79,16.6,3,0,cheque,0
1383,12,one_year,40.75,4.0,1,1,credit_card,0
1283,53,two_year,61.92,39.8,1,0,cheque,0
1769,13,month-to-month,49.93,5.2,1,0,credit_card,0
973,34,month-to-month,97.3,23.4,1,0,bank_transfer,1
628,9,month-to-month,79.34,12.8,0,0,credit_card,0
633,70,one_year,86.01,5.4,3,1,bank_transfer,1
1307,29,month-to-month,53.53,8.1,0,0,cheque,1
1401,67,month-to-month,68.95,7.4,2,0,bank_transfer,0
1409,14,two_year,21.44,9.6,1,1,cheque,0
1249,47,one_year,84.53,8.8,1,0,bank_transfer,0
1978,17,one_year,54.66,10.7,4,0,cheque,0
1255,30,two_year,52.34,3.1,2,0,cheque,0
1497,6,month-to-month,101.19,5.2,0,0,cheque,1
1372,71,month-to-month,32.4,6.7,0,0,debit,0
1530,9,one_year,,10.3,1,0,bank_transfer,0
1664,38,one_year,61.19,12.6,0,0,credit_card,0
1355,57,month-to-month,29.0,8.1,0,0,credit_card,0
1951,18,two_year,31.52,15.1,1,0,bank_transfer,0
1926,65,month-to-month,72.75,15.3,2,0,cheque,0
1644,21,month-to-month,32.29,10.0,1,1,cheque,1
1873,29,one_year,61.94,12.3,3,1,credit_card,0
796,40,two_year,67.51,12.1,1,0,cheque,0
646,68,one_year,95.74,19.0,1,0,credit_card,0
1013,53,one_year,,17.1,0,0,credit_card,0
1893,59,one_year,87.61,8.5,3,0,bank_transfer,0
557,3,month-to-month,76.54,7.8,0,0,credit_card,0
682,21,one_year,104.19,13.1,2,0,credit_card,1
578,21,one_year,48.84,14.3,1,0,bank_transfer,0
1110,32,one_year,50.34,7.7,1,0,debit,0
1267,29,one_year,74.41,12.3,2,0,credit_card,1
1723,59,month-to-month,35.86,8.5,0,0,debit,0
1184,59,two_year,81.96,4.5,1,0,cheque,0
525,10,one_year,96.71,10.4,1,0,debit,0
1060,65,two_year,21.18,17.3,0,0,debit,0
541,15,month-to-month,55.48,15.6,1,0,bank_transfer,1
1195,57,month-to-month,,10.6,1,0,bank_transfer,1
1679,59,two_year,33.53,17.1,1,0,debit,0
749,57,month-to-month,95.61,7.4,0,0,cheque,0
1876,61,two_year,32.69,4.2,3,0,credit_card,0
1431,34,one_year,88.68,3.0,0,0,debit,0
485,68,one_year,26.45,3.0,4,0,bank_transfer,0
1758,44,month-to-month,42.26,7.8,3,0,debit,1
96,3,two_year,97.96,10.7,2,0,bank_transfer,1
1021,64,month-to-month,85.98,6.5,1,0,credit_card,1
564,53,month-to-month,34.81,16.9,1,0,debit,0
1265,27,one_year,100.18,17.7,1,0,debit,0
743,10,month-to-month,86.46,3.7,1,0,cheque,0
864,44,two_year,55.35,14.4,0,1,credit_card,0
1599,61,one_year,84.57,14.1,1,0,debit,0
1715,59,one_year,22.39,18.0,0,1,credit_card,0
1485,64,one_year,57.25,3.6,0,0,debit,0
892,64,month-to-month,45.66,17.6,1,0,bank_transfer,0
1578,14,two_year,32.11,19.5,1,1,cheque,0
1039,31,month-to-month,57.91,4.4,1,0,bank_transfer,1
207,40,month-to-month,26.26,21.4,1,0,debit,0
393,21,month-to-month,,9.5,2,0,credit_card,1
795,28,month-to-month,68.31,14.5,1,0,bank_transfer,1
871,54,month-to-month,26.03,,1,1,bank_transfer,0
398,52,month-to-month,59.46,6.5,1,0,cheque,0
767,30,one_year,86.12,7.2,3,0,credit_card,1
1865,2,month-to-month,53.01,2.7,0,0,debit,1
1242,28,month-to-month,109.0,38.3,0,1,bank_transfer,0
1029,54,month-to-month,79.78,28.8,1,0,debit,1
1793,38,two_year,23.39,13.0,1,0,bank_transfer,0
643,14,month-to-month,48.83,4.7,0,0,bank_transfer,0
1917,26,month-to-month,105.76,20.1,0,1,bank_transfer,0
613,45,month-to-month,109.78,8.8,2,0,credit_card,0
1763,67,two_year,91.28,16.8,4,1,credit_card,0
961,26,two_year,76.91,8.9,2,1,cheque,0
1571,32,month-to-month,42.36,3.6,0,0,credit_card,0
726,20,month-to-month,45.29,21.6,0,0,bank_transfer,0
684,17,month-to-month,28.27,6.5,0,0,credit_card,0
99,48,one_year,41.02,20.9,3,0,credit_card,0
805,59,one_year,33.24,10.4,0,1,debit,0
1752,5,month-to-month,71.9,22.5,2,0,credit_card,0
1598,30,one_year,90.45,15.7,2,0,debit,0
407,18,one_year,80.03,11.7,1,0,cheque,1
503,70,two_year,49.55,3.7,2,0,bank_transfer,0
1072,63,two_year,22.41,6.4,2,1,cheque,0
1057,50,month-to-month,73.09,4.8,0,0,credit_card,1
930,34,one_year,77.48,42.4,3,0,cheque,0
780,20,two_year,21.98,2.7,1,0,bank_transfer,1
1864,48,one_year,35.74,1.6,1,0,credit_card,0
201,58,month-to-month,64.31,26.4,3,0,debit,1
135,42,month-to-month,54.91,13.3,0,1,debit,0
1052,61,month-to-month,93.34,26.4,0,0,bank_transfer,0
41,40,one_year,53.74,13.6,3,0,debit,0
1018,26,one_year,78.52,20.3,0,0,debit,0
231,1,one_year,61.02,14.6,0,0,debit,0
1514,42,one_year,40.43,4.0,0,0,bank_transfer,0
1797,20,month-to-month,,17.2,2,0,cheque,1
379,60,two_year,24.26,16.1,1,0,debit,0
289,6,month-to-month,108.47,16.3,1,0,debit,0
419,38,one_year,94.16,24.2,0,0,debit,1
1699,20,month-to-month,61.18,,1,0,cheque,0
392,47,month-to-month,25.8,4.0,0,0,credit_card,0
593,60,month-to-month,94.6,11.2,2,0,credit_card,1
1523,57,month-to-month,84.26,9.2,0,0,credit_card,0
1163,37,month-to-month,41.32,24.0,1,0,credit_card,0
1087,20,month-to-month,80.12,11.2,0,0,cheque,0
1496,39,one_year,81.02,10.3,1,1,cheque,0
648,68,month-to-month,105.66,6.6,1,0,credit_card,0
1153,61,two_year,64.38,22.1,0,0,cheque,0
1368,21,two_year,,12.9,1,0,cheque,0
521,14,month-to-month,23.96,23.4,4,0,bank_transfer,1
1863,41,month-to-month,31.78,16.6,1,0,debit,1
1881,17,one_year,89.41,4.0,0,0,bank_transfer,0
65,48,two_year,35.38,10.2,1,0,debit,0
1837,10,one_year,86.29,2.5,1,1,bank_transfer,0
15,37,one_year,62.09,14.0,1,0,cheque,0
1181,8,one_year,99.36,5.7,0,0,credit_card,0
1065,64,two_year,91.07,17.1,1,1,cheque,0
493,39,one_year,78.41,8.5,1,1,credit_card,0
380,21,one_year,27.19,7.7,0,0,credit_card,0
188,55,month-to-month,106.39,9.7,1,0,credit_card,0
764,35,two_year,76.8,20.0,2,0,cheque,0
217,29,one_year,55.13,11.0,0,0,credit_card,1
792,24,month-to-month,98.13,6.1,2,0,bank_transfer,1
1077,53,month-to-month,83.21,11.9,3,1,cheque,1
879,14,two_year,108.31,30.9,1,1,cheque,1
338,33,one_year,93.14,40.7,1,0,credit_card,0
1773,48,month-to-month,47.41,8.1,0,0,cheque,1
720,32,month-to-month,59.17,23.3,1,1,credit_card,0
1749,8,one_year,81.1,9.7,3,0,bank_transfer,1
296,69,month-to-month,37.75,6.9,0,0,bank_transfer,0
1726,33,one_year,68.14,13.9,2,1,debit,0
1017,37,month-to-month,89.11,19.2,3,0,debit,1
1276,38,month-to-month,32.41,13.0,0,0,credit_card,0
1751,59,one_year,108.7,4.6,1,0,cheque,0
1486,41,one_year,71.47,11.5,0,0,bank_transfer,0
456,29,one_year,29.35,3.0,1,0,debit,0
1665,38,one_year,76.64,17.9,0,0,credit_card,0
816,11,month-to-month,28.17,31.0,0,0,cheque,1
1887,57,month-to-month,104.01,7.3,3,0,credit_card,0
270,47,month-to-month,105.51,8.5,2,0,credit_card,1
996,30,month-to-month,69.37,5.2,1,1,cheque,0
202,31,month-to-month,22.1,8.0,1,0,bank_transfer,1
162,24,month-to-month,75.46,8.8,0,0,debit,0
1580,12,month-to-month,88.01,8.3,0,0,cheque,1
730,20,month-to-month,42.73,8.3,2,0,cheque,0
402,5,month-to-month,51.33,17.3,0,0,debit,1
703,2,month-to-month,98.9,17.2,1,0,debit,1
1501,14,two_year,97.48,13.2,1,0,debit,1
1846,50,month-to-month,45.17,3.4,3,0,debit,0
1796,59,two_year,94.36,8.8,4,0,bank_transfer,1
1130,28,month-to-month,87.37,6.1,1,0,bank_transfer,1
566,48,month-to-month,68.68,7.9,0,1,debit,0
1414,66,month-to-month,106.64,8.3,4,0,bank_transfer,1
1022,26,one_year,34.01,6.9,1,1,credit_card,0
1026,17,two_year,102.11,16.2,1,0,bank_transfer,1
1412,59,one_year,84.28,13.0,2,0,credit_card,0
1896,25,month-to-month,35.96,9.1,1,1,bank_transfer,0
1586,65,month-to-month,78.56,,5,0,bank_transfer,1
1105,29,two_year,30.97,13.0,2,0,cheque,0
206,17,two_year,81.93,,2,0,bank_transfer,1
35,66,month-to-month,33.28,7.8,0,0,cheque,0
776,50,month-to-month,86.52,15.0,1,0,cheque,1
509,33,month-to-month,36.74,31.6,1,0,bank_transfer,0
1452,27,two_year,55.71,14.1,1,1,debit,0
1479,44,two_year,92.28,33.2,0,0,debit,0
1996,60,one_year,88.12,12.3,1,1,debit,0
1391,59,one_year,96.56,18.0,3,0,credit_card,0
92,35,two_year,77.95,19.3,1,1,debit,0
1364,68,month-to-month,104.81,10.7,2,0,bank_transfer,0
898,56,month-to-month,59.23,10.7,1,1,debit,0
565,9,two_year,43.41,9.4,0,0,credit_card,1
1370,58,month-to-month,103.25,13.2,1,0,debit,0
777,61,month-to-month,62.51,9.5,2,0,credit_card,0
242,47,one_year,99.29,3.0,1,0,cheque,0
14,24,two_year,83.04,15.9,1,0,credit_card,1
316,52,month-to-month,64.67,19.7,1,0,debit,0
601,38,one_year,109.34,9.6,1,0,cheque,0
388,13,two_year,96.32,8.1,2,0,bank_transfer,1
1298,25,month-to-month,32.18,14.3,1,0,credit_card,0
167,14,one_year,84.0,14.7,1,0,cheque,1
841,36,one_year,104.36,20.8,2,0,credit_card,1
21,67,month-to-month,71.66,9.5,2,0,credit_card,1
647,9,two_year,57.81,14.1,0,0,debit,1
1843,24,two_year,85.74,11.5,3,0,credit_card,1
1509,16,month-to-month,29.47,1.6,0,0,cheque,0
1155,39,month-to-month,109.91,4.4,1,0,bank_transfer,0
1529,62,one_year,35.75,14.5,0,0,debit,0
832,7,two_year,91.29,15.0,1,0,credit_card,0
1268,61,month-to-month,67.94,21.8,2,0,debit,1
1591,22,one_year,104.32,25.8,1,0,cheque,1
1900,47,month-to-month,41.34,,0,1,debit,0
563,36,two_year,34.64,5.6,0,0,debit,0
1977,33,month-to-month,73.41,7.9,1,1,cheque,1
687,14,month-to-month,106.93,10.0,0,0,bank_transfer,1
958,23,month-to-month,97.95,7.0,0,0,credit_card,0
190,26,month-to-month,103.8,4.0,1,0,credit_card,0
1807,53,two_year,87.64,15.6,1,0,bank_transfer,0
976,36,one_year,97.34,11.3,1,0,bank_transfer,0
700,70,two_year,38.01,,1,1,cheque,0
1500,54,one_year,39.83,11.1,2,1,credit_card,1
1706,48,one_year,67.56,7.1,2,0,bank_transfer,1
511,19,month-to-month,109.24,9.7,3,0,credit_card,1
1083,68,month-to-month,25.74,12.2,2,0,cheque,0
475,20,one_year,41.8,6.6,2,0,cheque,1
1585,65,month-to-month,75.35,12.6,3,0,credit_card,1
857,28,month-to-month,33.23,23.5,2,0,debit,1
748,12,one_year,61.44,14.3,3,0,bank_transfer,1
253,68,one_year,84.32,1.2,4,1,debit,0
22,10,month-to-month,68.66,3.4,1,1,debit,1
1338,3,month-to-month,35.02,17.3,0,0,credit_card,1
460,59,one_year,49.84,6.9,0,1,bank_transfer,0
1185,18,two_year,20.15,11.2,1,0,cheque,1
277,34,month-to-month,104.16,13.0,3,0,debit,1
956,44,two_year,77.88,14.7,0,0,cheque,1
1216,12,one_year,62.18,9.1,1,0,bank_transfer,0
386,60,month-to-month,46.97,5.9,1,0,bank_transfer,0
806,31,one_year,,9.4,1,0,bank_transfer,0
1438,31,month-to-month,105.24,13.1,0,0,bank_transfer,1
1516,61,month-to-month,41.17,12.7,3,0,debit,0
344,21,month-to-month,70.25,10.0,0,1,credit_card,1
770,52,month-to-month,65.8,3.0,0,1,debit,0
1333,23,month-to-month,69.07,9.6,1,0,debit,0
1686,21,two_year,99.79,4.4,5,0,cheque,1
131,20,month-to-month,29.91,13.8,1,0,bank_transfer,0
1688,24,month-to-month,88.8,11.9,1,1,debit,1
872,39,month-to-month,71.98,22.1,2,0,bank_transfer,1
1124,59,two_year,30.05,,5,0,bank_transfer,0
1397,53,two_year,50.64,23.4,1,0,debit,0
88,8,month-to-month,100.08,5.5,2,0,bank_transfer,1
1483,72,month-to-month,81.42,10.5,2,0,credit_card,1
331,39,month-to-month,84.95,1.6,0,0,cheque,0
1239,41,one_year,105.33,8.9,1,1,debit,0
467,55,month-to-month,45.97,10.8,0,1,bank_transfer,0
122,51,month-to-month,50.76,1.5,1,1,bank_transfer,0
1639,59,month-to-month,65.3,7.1,0,0,credit_card,0
1045,46,month-to-month,71.4,6.2,0,0,credit_card,0
1725,1,one_year,75.88,13.9,1,0,cheque,1
1096,64,one_year,42.47,11.0,3,1,cheque,0
1131,18,one_year,62.37,12.3,5,0,bank_transfer,1
1295,51,month-to-month,46.33,6.1,2,0,cheque,0
861,27,month-to-month,,12.0,1,1,bank_transfer,1
1460,68,one_year,101.1,14.4,2,0,bank_transfer,0
1127,7,month-to-month,81.63,22.3,1,0,credit_card,1
